arrival_ts,event_ts,val_x,val_y,val_z,val_w,accuracy
1335969027015855,1335969024563496,0.28653094,-0.05996461,-0.27583903,0.91554195,0.0
1335969030949709,1335969029354756,0.2864294,-0.06113799,-0.257786,0.9207425,0.0
1335969037236584,1335969034146015,0.2853302,-0.060730316,-0.24180709,0.9254339,0.0
1335969041243928,1335969038937275,0.28345346,-0.059705216,-0.24146521,0.9261663,0.0
1335969046351272,1335969043728535,0.2819589,-0.05849368,-0.24276768,0.9263593,0.0
1335969051194084,1335969048550312,0.28060278,-0.057206206,-0.24589118,0.9260276,0.0
1335969056144865,1335969053341572,0.27948916,-0.055772103,-0.25023794,0.9252871,0.0
1335969059854709,1335969058132832,0.27879715,-0.054234363,-0.25495815,0.92429817,0.0
1335969064892990,1335969062924092,0.27829194,-0.05261406,-0.26065752,0.9229534,0.0
1335969071629605,1335969067715351,0.27790993,-0.050971806,-0.26748618,0.9212052,0.0
1335969078064240,1335969072506611,0.27783492,-0.049244,-0.2745529,0.9192407,0.0
1335969079682834,1335969077297871,0.2780451,-0.047538344,-0.2810852,0.9172907,0.0
1335969084246011,1335969082089131,0.2785919,-0.04589946,-0.28635064,0.915578,0.0
1335969088722209,1335969086880390,0.27957764,-0.044401478,-0.28968027,0.9143031,0.0
1335969093610386,1335969091671650,0.28111026,-0.042988114,-0.2902353,0.91372454,0.0
1335969098145907,1335969096462910,0.28313032,-0.041727398,-0.28827482,0.91377985,0.0
1335969102744553,1335969101284687,0.28552693,-0.04063837,-0.28414172,0.91437757,0.0
1335969108385542,1335969106106465,0.28811815,-0.039755788,-0.27846128,0.9153506,0.0
1335969112489501,1335969110897724,0.29080132,-0.039125986,-0.2719037,0.9164999,0.0
1335969117066688,1335969115688984,0.2934505,-0.03874778,-0.2647064,0.9177777,0.0
1335969122787105,1335969120480244,0.29593822,-0.038614858,-0.25714272,0.9191339,0.0
1335969126643251,1335969125271504,0.2980945,-0.038665082,-0.24926537,0.9206039,0.0
1335969132144188,1335969130062763,0.29976168,-0.038986348,-0.24161859,0.9220865,0.0
1335969136540282,1335969134854023,0.30087504,-0.03944786,-0.23422952,0.92360955,0.0
1335969141850646,1335969139645283,0.30149117,-0.040000215,-0.22687511,0.9252193,0.0
1335969145819136,1335969144436543,0.30170384,-0.040493824,-0.21930249,0.9269528,0.0
1335969150709084,1335969149227802,0.30159208,-0.041037075,-0.21207327,0.92864585,0.0
1335969156549032,1335969154049580,0.30116525,-0.04150503,-0.20509592,0.93032926,0.0
1335969160280751,1335969158840840,0.30057332,-0.041823063,-0.19862959,0.93190813,0.0
1335969165127313,1335969163632099,0.29980773,-0.041929208,-0.19290626,0.93335116,0.0
1335969171071792,1335969168423359,0.2989233,-0.04183463,-0.18842272,0.9345542,0.0
1335969174966636,1335969173214619,0.29795882,-0.041498937,-0.18540564,0.9354802,0.0
1335969181715230,1335969178005879,0.29697755,-0.04089527,-0.18395154,0.9361056,0.0
1335969185064501,1335969182797138,0.2960886,-0.040042542,-0.18402092,0.93641037,0.0
1335969190299917,1335969187588398,0.29541227,-0.03889687,-0.1849847,0.93648237,0.0
1335969193974917,1335969192379658,0.29500747,-0.037539322,-0.18669182,0.9363266,0.0
1335969198764501,1335969197170918,0.29490632,-0.036039524,-0.1888396,0.93598664,0.0
1335969203614136,1335969201962177,0.29510465,-0.034508552,-0.19122659,0.9354971,0.0
1335969208215594,1335969206783955,0.29557422,-0.03306904,-0.19349726,0.9349338,0.0
1335969212998459,1335969211575215,0.29618838,-0.031862106,-0.19544716,0.9343755,0.0
1335969217756688,1335969216366474,0.2969434,-0.030965555,-0.19687648,0.93386585,0.0
1335969222650074,1335969221157734,0.29774234,-0.030421132,-0.19760057,0.9334763,0.0
1335969227366376,1335969225948994,0.29853162,-0.030292552,-0.1977074,0.9332058,0.0
1335969232237834,1335969230740254,0.29931542,-0.030545065,-0.19691844,0.9331133,0.0
1335969237261584,1335969235531513,0.30006877,-0.031137038,-0.19537137,0.933177,0.0
1335969241624709,1335969240322773,0.30070797,-0.03194591,-0.1931902,0.93339795,0.0
1335969246610855,1335969245114033,0.30117342,-0.033005886,-0.19094288,0.9336734,0.0
1335969251577990,1335969249905293,0.301449,-0.03418265,-0.1888468,0.93396837,0.0
1335969256207313,1335969254696552,0.30151054,-0.0353752,-0.18724535,0.9342265,0.0
1335969260869084,1335969259518330,0.3013829,-0.036455993,-0.18622783,0.9344295,0.0
1335969278546115,1335969264309590,0.30106917,-0.03745841,-0.18620662,0.9344952,0.0
1335969280341688,1335969269100849,0.30062628,-0.038305584,-0.1870153,0.934442,0.0
1335969280539032,1335969273892109,0.3001575,-0.03898275,-0.18854697,0.93425685,0.0
1335969280686011,1335969278683369,0.29967695,-0.039471768,-0.1904757,0.9339993,0.0
1335969298177678,1335969283474629,0.29923463,-0.0397988,-0.19271892,0.933667,0.0
1335969298340230,1335969288265888,0.29885095,-0.03994799,-0.19505613,0.9332981,0.0
1335969298492990,1335969293057148,0.29844537,-0.03994857,-0.19742715,0.9329293,0.0
1335969300008199,1335969297848408,0.2979783,-0.039789535,-0.19975056,0.9325907,0.0
1335969304996063,1335969302639668,0.29743293,-0.039524607,-0.20203273,0.9322844,0.0
1335969325845126,1335969307461445,0.29677042,-0.039130088,-0.20420538,0.9320388,0.0
1335969325961844,1335969312252705,0.29597908,-0.03859993,-0.20623873,0.9318648,0.0
1335969326067990,1335969317043965,0.29501957,-0.03795084,-0.20812428,0.9317765,0.0
1335969326171688,1335969321835224,0.29387635,-0.037226547,-0.20995821,0.93175554,0.0
1335969328127157,1335969326626484,0.29253837,-0.036446728,-0.2118416,0.9317811,0.0
1335969333268146,1335969331417744,0.2910026,-0.035639975,-0.21382144,0.931841,0.0
1335969338150073,1335969336209004,0.28931165,-0.034841143,-0.21582566,0.9319357,0.0
1335969351321428,1335969341000263,0.287549,-0.034026403,-0.21763372,0.9320908,0.0
1335969351438563,1335969345791523,0.28578514,-0.033186104,-0.21923745,0.93228775,0.0
1335969352502313,1335969350582783,0.28404254,-0.0323057,-0.22071947,0.93250155,0.0
1335969358335386,1335969355374043,0.282357,-0.031382065,-0.22191007,0.9327623,0.0
1335969362906219,1335969360195820,0.28069866,-0.030520346,-0.22311775,0.93300337,0.0
1335969366658823,1335969364987080,0.27908063,-0.029751014,-0.22414897,0.93326634,0.0
1335969372897105,1335969369778340,0.2774887,-0.029097196,-0.22497267,0.9335634,0.0
1335969376257365,1335969374569599,0.27593148,-0.02851967,-0.2254039,0.93393874,0.0
1335969380739657,1335969379360859,0.27438134,-0.028131885,-0.22592115,0.9342821,0.0
1335969385916844,1335969384152119,0.27288026,-0.027875181,-0.2262754,0.9346437,0.0
1335969390854761,1335969388943379,0.27146813,-0.02773422,-0.22646174,0.9350139,0.0
1335969395127209,1335969393765156,0.27017912,-0.027640503,-0.22629184,0.93543106,0.0
1335969400283198,1335969398556416,0.26905003,-0.02765046,-0.22612618,0.9357962,0.0
1335969404851063,1335969403347676,0.26812273,-0.027688831,-0.22579582,0.9361409,0.0
1335969409971376,1335969408138935,0.2674223,-0.027747154,-0.22522736,0.9364764,0.0
1335969414606584,1335969412960713,0.26695818,-0.027768316,-0.22430505,0.9368295,0.0
1335969419489865,1335969417751972,0.26671845,-0.027803827,-0.22328632,0.93714005,0.0
1335969424967730,1335969422543232,0.26664835,-0.027795963,-0.22210974,0.93743974,0.0
1335969428862313,1335969427334492,0.26671296,-0.027730634,-0.22088623,0.9377124,0.0
1335969433922001,1335969432125752,0.26685607,-0.027607251,-0.21981172,0.9379278,0.0
1335969438583042,1335969436917011,0.26703933,-0.027425557,-0.21884084,0.93810797,0.0
1335969443741532,1335969441708271,0.26724568,-0.027195428,-0.2180127,0.9382487,0.0
1335969448587730,1335969446499531,0.26744443,-0.02687911,-0.21740177,0.9383429,0.0
1335969453048094,1335969451290791,0.26767063,-0.026459688,-0.21690579,0.93840516,0.0
1335969458780282,1335969456082051,0.26796618,-0.025919463,-0.21657199,0.93841296,0.0
1335969463159032,1335969460873310,0.26834384,-0.02525175,-0.21640953,0.93836075,0.0
1335969467933459,1335969465695088,0.26882955,-0.024460174,-0.21638201,0.938249,0.0
1335969472965021,1335969470486347,0.26944062,-0.023547165,-0.21639413,0.93809426,0.0
1335969477625490,1335969475277607,0.27014837,-0.022633351,-0.21662425,0.9378601,0.0
1335969482310334,1335969480068867,0.27093124,-0.021730065,-0.21687873,0.93759674,0.0
1335969486616167,1335969484860127,0.27176455,-0.020894786,-0.21703042,0.9373394,0.0
1335969493030021,1335969489651386,0.27260366,-0.020136146,-0.21677166,0.93717223,0.0
1335969496390594,1335969494442646,0.2734014,-0.019606663,-0.21633328,0.93705237,0.0
1335969500819240,1335969499233906,0.27413148,-0.019293042,-0.21544738,0.9370497,0.0
1335969505991011,1335969504025166,0.274711,-0.019211033,-0.21411045,0.9371881,0.0
1335969511141792,1335969508816426,0.27510127,-0.019320466,-0.21228638,0.9374863,0.0
1335969516758303,1335969513638203,0.2752586,-0.019637058,-0.21026206,0.93788964,0.0
1335969521489396,1335969518429463,0.27519256,-0.020054886,-0.20796765,0.9384116,0.0
1335969527300073,1335969523220722,0.27487695,-0.020469934,-0.20553738,0.93903035,0.0
1335969530707678,1335969528011982,0.27431437,-0.02072939,-0.20291129,0.93976,0.0
1335969535465386,1335969532803242,0.27350023,-0.020924542,-0.20065172,0.9404779,0.0
1335969540767365,1335969537594502,0.27251866,-0.020925011,-0.19858688,0.9412008,0.0
1335969547997938,1335969542385761,0.27147,-0.020647774,-0.1967508,0.94189537,0.0
1335969548894292,1335969547177021,0.2704865,-0.019970827,-0.19493467,0.94257027,0.0
1335969553493719,1335969551968281,0.26966238,-0.018909931,-0.19346717,0.94313043,0.0
1335969558432105,1335969556759541,0.26908076,-0.017441006,-0.19218814,0.9435863,0.0
1335969563215334,1335969561550801,0.2687707,-0.015644766,-0.19114824,0.94391733,0.0
1335969567921480,1335969566342060,0.26872945,-0.013655715,-0.1903731,0.9441166,0.0
1335969573194344,1335969571163838,0.2689147,-0.011604695,-0.18982068,0.9442025,0.0
1335969577980073,1335969575955097,0.26930964,-0.009658142,-0.18944073,0.9441881,0.0
1335969582662678,1335969580746357,0.26984566,-0.007907992,-0.18911532,0.9441166,0.0
1335969587567886,1335969585537617,0.27048117,-0.006450163,-0.1888681,0.9439953,0.0
1335969593527678,1335969590328877,0.27116266,-0.0053098593,-0.18854001,0.9438725,0.0
1335969597522573,1335969595120136,0.27181783,-0.004538509,-0.18812652,0.9437706,0.0
1335969602794969,1335969599911396,0.27243373,-0.004139599,-0.18754174,0.9437112,0.0
1335969609212417,1335969604702656,0.27296773,-0.0040424564,-0.1866327,0.9437375,0.0
1335969611272782,1335969609493916,0.27342477,-0.0042519104,-0.18557979,0.94381195,0.0
1335969615883146,1335969614285176,0.27379802,-0.004653063,-0.18424356,0.94396365,0.0
1335969621501323,1335969619106953,0.27413028,-0.0051810243,-0.18264025,0.94417596,0.0
1335969626747053,1335969623867695,0.2744309,-0.0057066367,-0.18078244,0.9444431,0.0
1335969630463094,1335969628689472,0.27470925,-0.006280592,-0.1790795,0.94468296,0.0
1335969635391375,1335969633480732,0.27500227,-0.006811468,-0.17742796,0.94490564,0.0
1335969640138042,1335969638271992,0.2753572,-0.00725273,-0.17588148,0.9450881,0.0
1335969645157521,1335969643063252,0.27578345,-0.0075151944,-0.1743586,0.94524395,0.0
1335969650196636,1335969647854511,0.27629784,-0.0076515516,-0.17313102,0.9453183,0.0
1335969654906532,1335969652645771,0.27689648,-0.0076113422,-0.1720932,0.94533294,0.0
1335969660478771,1335969657437031,0.2775526,-0.0074286647,-0.17122315,0.9452999,0.0
1335969665027573,1335969662228291,0.27820697,-0.0071520563,-0.17044355,0.94525063,0.0
1335969669468771,1335969667019551,0.2788205,-0.006769157,-0.16985312,0.9451789,0.0
1335969675152730,1335969671841328,0.27931634,-0.0063768453,-0.16954868,0.94508994,0.0
1335969679183563,1335969676663105,0.27963775,-0.006000016,-0.1694146,0.9450214,0.0
1335969683872365,1335969681454365,0.27974245,-0.005716016,-0.1692788,0.9450165,0.0
1335969688563980,1335969686245625,0.27956346,-0.0054866094,-0.1693111,0.945065,0.0
1335969693378615,1335969691036884,0.27908313,-0.005400708,-0.16951667,0.94517064,0.0
1335969698381011,1335969695828144,0.2783118,-0.005418288,-0.16974446,0.9453571,0.0
1335969703211532,1335969700619404,0.27734804,-0.0054905033,-0.16986509,0.9456182,0.0
1335969708226271,1335969705410664,0.27610198,-0.0055359164,-0.1698389,0.9459872,0.0
1335969713425490,1335969710201924,0.27472144,-0.005573022,-0.16987759,0.94638187,0.0
1335969718125334,1335969714993183,0.27328992,-0.0055307676,-0.16981679,0.94680744,0.0
1335969722766584,1335969719784443,0.2719194,-0.0053837765,-0.1696121,0.94723946,0.0
1335969727701219,1335969724606220,0.27061856,-0.0050862683,-0.16924621,0.947679,0.0
1335969732259188,1335969729397480,0.2694931,-0.004747369,-0.16893545,0.9480568,0.0
1335969736946584,1335969734188740,0.26861095,-0.004350754,-0.16854051,0.94837934,0.0
1335969742371375,1335969738980000,0.26799685,-0.0039348034,-0.16803531,0.94864446,0.0
1335969746507678,1335969743771259,0.26775137,-0.0034982995,-0.16724569,0.94885504,0.0
1335969751469865,1335969748562519,0.26785243,-0.0031411496,-0.16646048,0.94896585,0.0
1335969756100334,1335969753353779,0.26830968,-0.0028831756,-0.16553454,0.9489994,0.0
1335969760609865,1335969758145039,0.26899517,-0.0027678132,-0.16460767,0.9489669,0.0
1335969765725282,1335969762936299,0.2700489,-0.0028130556,-0.16329144,0.9488949,0.0
1335969769898667,1335969767727558,0.2713247,-0.0031273456,-0.16206399,0.9487404,0.0
1335969775085490,1335969772518818,0.2727452,-0.0036984812,-0.1608348,0.9485402,0.0
1335969779400230,1335969777340595,0.27415383,-0.004533248,-0.15976138,0.94831187,0.0
1335969784149032,1335969782131855,0.27559984,-0.0055875336,-0.1586284,0.94807726,0.0
1335969788887157,1335969786923115,0.27693948,-0.006899253,-0.15771219,0.9478311,0.0
1335969794296688,1335969791714375,0.27811098,-0.008386096,-0.1569685,0.94759953,0.0
1335969798583615,1335969796505634,0.27910474,-0.009964258,-0.15637484,0.9473902,0.0
1335969804432573,1335969801296894,0.27985257,-0.011517764,-0.15570599,0.9472621,0.0
1335969808272625,1335969806088154,0.2803713,-0.013042254,-0.15531531,0.9471531,0.0
1335969813037157,1335969810879414,0.28064933,-0.014437664,-0.1549955,0.9471029,0.0
1335969817957000,1335969815670674,0.28073928,-0.015673198,-0.15474278,0.9470979,0.0
1335969822647625,1335969820461933,0.28053892,-0.016704155,-0.15456904,0.94716805,0.0
1335969827488563,1335969825253193,0.28009725,-0.017575098,-0.15468204,0.94726455,0.0
1335969832746636,1335969830074970,0.27945188,-0.018225214,-0.15496103,0.94739723,0.0
1335969837554032,1335969834866230,0.27871358,-0.018649803,-0.15521699,0.94756454,0.0
1335969841660802,1335969839657490,0.27781546,-0.018834425,-0.15559873,0.947762,0.0
1335969846425230,1335969844448750,0.276852,-0.018858274,-0.15606664,0.9479665,0.0
1335969851372105,1335969849240009,0.27585703,-0.018732902,-0.15650512,0.94818676,0.0
1335969856407573,1335969854031269,0.2748654,-0.018508703,-0.15688038,0.94841707,0.0
1335969861289344,1335969858822529,0.2739025,-0.01822271,-0.15717727,0.948652,0.0
1335969866658719,1335969863613789,0.27296305,-0.017933803,-0.15742904,0.9488865,0.0
1335969871281636,1335969868405049,0.27206364,-0.01768884,-0.15764193,0.9491141,0.0
1335969876654917,1335969873196308,0.27121758,-0.017519109,-0.15782127,0.94932956,0.0
1335969881117521,1335969877987568,0.27043346,-0.01742906,-0.15797673,0.949529,0.0
1335969885742000,1335969882778828,0.26971585,-0.01745919,-0.15813047,0.949707,0.0
1335969892126271,1335969887600605,0.26907486,-0.017615054,-0.15830322,0.9498571,0.0
1335969896054344,1335969892391865,0.2685138,-0.017896034,-0.15852548,0.9499735,0.0
1335969900621584,1335969897183125,0.26802903,-0.01826657,-0.15869446,0.95007515,0.0
1335969905561011,1335969901974384,0.26761162,-0.018738445,-0.15906245,0.9501221,0.0
1335969910713042,1335969906765644,0.26726335,-0.019234106,-0.15954076,0.95013005,0.0
1335969914999917,1335969911556904,0.2669862,-0.019717868,-0.1601146,0.9501015,0.0
1335969919287938,1335969916348164,0.26677385,-0.020140238,-0.16077127,0.9500414,0.0
1335969924108459,1335969921139424,0.26661602,-0.020495493,-0.16156165,0.949944,0.0
1335969929435177,1335969925930683,0.26652032,-0.020742957,-0.16244271,0.9498153,0.0
1335969934285386,1335969930752461,0.2664912,-0.020861851,-0.16337882,0.94966024,0.0
1335969938936219,1335969935543720,0.26654112,-0.020826628,-0.16437109,0.94947577,0.0
1335969942628407,1335969940334980,0.26666203,-0.020614356,-0.16534017,0.9492782,0.0
1335969948146896,1335969945126240,0.2668692,-0.0202469,-0.16627668,0.94906425,0.0
1335969952679500,1335969949917500,0.2671646,-0.019733384,-0.16714442,0.9488395,0.0
1335969957039240,1335969954708759,0.26755625,-0.01909269,-0.16792418,0.9486045,0.0
1335969961983667,1335969959500019,0.268032,-0.018356303,-0.16856748,0.94837064,0.0
1335969966127209,1335969964321797,0.26860803,-0.017552534,-0.16905893,0.9481354,0.0
1335969971677000,1335969969113056,0.2692496,-0.016742228,-0.16934527,0.9479169,0.0
1335969976406844,1335969973904316,0.26994017,-0.015989223,-0.16952792,0.94770086,0.0
1335969981052000,1335969978695576,0.2706511,-0.015304026,-0.1694681,0.9475201,0.0
1335969986345959,1335969983517353,0.27136463,-0.014730948,-0.16923635,0.9473665,0.0
1335969990614969,1335969988308613,0.27205157,-0.014300912,-0.1688811,0.94723946,0.0
1335969996283667,1335969993099873,0.27270955,-0.0140323,-0.168477,0.9471262,0.0
1335970000853615,1335969997891133,0.27331844,-0.013899297,-0.16794206,0.94704765,0.0
1335970005927469,1335970002682392,0.27386487,-0.013928438,-0.16732296,0.94699895,0.0
1335970010528407,1335970007473652,0.27434704,-0.01411113,-0.16667038,0.9469718,0.0
1335970015407886,1335970012264912,0.27475116,-0.014440118,-0.16603452,0.94696134,0.0
1335970020122209,1335970017056172,0.275085,-0.014892374,-0.16549784,0.9469514,0.0
1335970024848407,1335970021847431,0.27532962,-0.015469925,-0.16497904,0.9469616,0.0
1335970029077521,1335970026638691,0.27548426,-0.016138803,-0.16450942,0.9469871,0.0
1335970034723823,1335970031429951,0.27555645,-0.016852446,-0.16408896,0.9470266,0.0
1335970039532834,1335970036251728,0.27557063,-0.01757884,-0.16380364,0.9470587,0.0
1335970043329292,1335970041042988,0.27548262,-0.018267069,-0.16358738,0.9471086,0.0
1335970048013615,1335970045834248,0.27533057,-0.018873638,-0.16342957,0.94716823,0.0
1335970053801167,1335970050625508,0.2751133,-0.019364743,-0.16330932,0.9472422,0.0
1335970057727313,1335970055416767,0.27481169,-0.01972523,-0.16326432,0.94733006,0.0
1335970062876323,1335970060208027,0.2744228,-0.019949617,-0.16329624,0.9474326,0.0
1335970067813511,1335970064999287,0.27394745,-0.020048363,-0.16337948,0.9475537,0.0
1335970071814709,1335970069790547,0.2734028,-0.020012679,-0.16355856,0.94768083,0.0
1335970077206271,1335970074581806,0.27280238,-0.019792816,-0.16368721,0.9478363,0.0
1335970081728511,1335970079373066,0.2721684,-0.019394342,-0.16379885,0.94800746,0.0
1335970086960802,1335970084164326,0.27151844,-0.018817408,-0.1638614,0.9481946,0.0
1335970091380229,1335970088986103,0.27088588,-0.018127223,-0.16395457,0.9483729,0.0
1335970096370073,1335970093777363,0.27030727,-0.01733869,-0.16383673,0.94857305,0.0
1335970101230177,1335970098568623,0.2698076,-0.016537393,-0.16357486,0.9487748,0.0
1335970106019604,1335970103359883,0.26941475,-0.01576598,-0.16316536,0.9489701,0.0
1335970110471896,1335970108151142,0.2691303,-0.01509982,-0.1627746,0.9491287,0.0
1335970115235646,1335970112942402,0.26898497,-0.014494276,-0.16218421,0.9492804,0.0
1335970119845438,1335970117733662,0.26898554,-0.014027094,-0.16156173,0.9493934,0.0
1335970125167938,1335970122524922,0.26913008,-0.013741302,-0.16098568,0.9494545,0.0
1335970129732417,1335970127316181,0.26941112,-0.013713156,-0.16066186,0.94943005,0.0
1335970133954032,1335970132107441,0.26984072,-0.013870543,-0.16031705,0.949364,0.0
1335970139575750,1335970136898701,0.2704012,-0.01424441,-0.16011202,0.9492336,0.0
1335970143937729,1335970141720478,0.2711044,-0.0148228565,-0.16004139,0.94903606,0.0
1335970148641011,1335970146511738,0.27190903,-0.015589176,-0.1602042,0.9487661,0.0
1335970154167625,1335970151302998,0.2728066,-0.01640232,-0.16027966,0.9484819,0.0
1335970158120907,1335970156094258,0.27376834,-0.017240029,-0.16041128,0.9481677,0.0
1335970163448563,1335970160885517,0.27475893,-0.018051684,-0.16058742,0.94783616,0.0
1335970167475490,1335970165676777,0.2757391,-0.018840177,-0.1608574,0.94749033,0.0
1335970173240750,1335970170468037,0.2766775,-0.01953365,-0.16106635,0.94716716,0.0
1335970179251375,1335970175259297,0.27755284,-0.02010162,-0.16129957,0.9468594,0.0
1335970182649813,1335970180050556,0.27833202,-0.020515047,-0.16155377,0.94657844,0.0
1335970186917938,1335970184841816,0.2789894,-0.020792248,-0.16190192,0.9463194,0.0
1335970192068250,1335970189633076,0.27949607,-0.020910643,-0.16218403,0.94611895,0.0
1335970196071427,1335970194454853,0.2798253,-0.020912746,-0.162469,0.9459727,0.0
1335970202159031,1335970199246113,0.27997828,-0.020833421,-0.16269536,0.94589025,0.0
1335970206993198,1335970204037373,0.2799266,-0.020758318,-0.16297698,0.9458587,0.0
1335970213505906,1335970208828633,0.2796815,-0.020644864,-0.16295916,0.94593674,0.0
1335970216868615,1335970213619892,0.2792382,-0.020570934,-0.16276728,0.9461024,0.0
1335970221079396,1335970218411152,0.27858174,-0.020559272,-0.1624184,0.94635606,0.0
1335970226713771,1335970223202412,0.27771345,-0.020678103,-0.16208358,0.946666,0.0
1335970230055698,1335970227993672,0.27665815,-0.020819845,-0.161487,0.9470738,0.0
1335970235142313,1335970232784931,0.27543333,-0.0210049,-0.16086833,0.9475319,0.0
1335970239523719,1335970237576191,0.27408347,-0.02119067,-0.16028209,0.9480184,0.0
1335970245054084,1335970242397968,0.27262944,-0.021374855,-0.15994024,0.94849116,0.0
1335970249087938,1335970247189228,0.2711394,-0.021429064,-0.15958953,0.948976,0.0
1335970253665959,1335970252011006,0.2696293,-0.021377703,-0.15941408,0.9494368,0.0
1335970258256844,1335970256802265,0.26814565,-0.02123158,-0.15942578,0.9498582,0.0
1335970263313615,1335970261593525,0.26671302,-0.021061316,-0.15984623,0.9501946,0.0
1335970267772886,1335970266384785,0.2653765,-0.020777313,-0.16022459,0.9505113,0.0
1335970272742990,1335970271176045,0.264171,-0.020440528,-0.16073786,0.9507677,0.0
1335970277503511,1335970275967304,0.26313806,-0.020060476,-0.16132396,0.95096296,0.0
1335970282464917,1335970280758564,0.26230416,-0.019709105,-0.16216771,0.95105714,0.0
1335970287396271,1335970285549824,0.261709,-0.01929597,-0.1627536,0.9511295,0.0
1335970292944917,1335970290341084,0.2613528,-0.0189293,-0.16330586,0.95114017,0.0
1335970297991688,1335970295162861,0.2612421,-0.018661162,-0.16380917,0.9510893,0.0
1335970302333250,1335970299954121,0.2613767,-0.018628066,-0.1645366,0.9509274,0.0
1335970307319344,1335970304745381,0.26177287,-0.018720973,-0.16496639,0.9507421,0.0
1335970312560750,1335970309536640,0.26243073,-0.019021168,-0.16533297,0.9504911,0.0
1335970316986011,1335970314327900,0.26335475,-0.019536983,-0.16559139,0.95018,0.0
1335970321262209,1335970319119160,0.26453555,-0.020332651,-0.1658894,0.94978327,0.0
1335970326082156,1335970323910420,0.2659523,-0.021296766,-0.1657825,0.94938505,0.0
1335970331343354,1335970328701679,0.2675424,-0.022466524,-0.1654878,0.9489626,0.0
1335970335757052,1335970333492939,0.26923686,-0.023815604,-0.16502772,0.94853055,0.0
1335970341137521,1335970338284199,0.2709594,-0.025342606,-0.1646086,0.9480732,0.0
1335970345416688,1335970343075459,0.27266318,-0.02686819,-0.16393313,0.9476597,0.0
1335970349948511,1335970347897236,0.27427602,-0.028378269,-0.16323872,0.94727,0.0
1335970354689709,1335970352688496,0.2756944,-0.029791685,-0.16259162,0.9469261,0.0
1335970359441531,1335970357479756,0.27687916,-0.031082306,-0.1622047,0.9466052,0.0
1335970364574292,1335970362271015,0.27779102,-0.032115586,-0.16187702,0.94635963,0.0
1335970369782052,1335970367062275,0.2783913,-0.0328887,-0.16175248,0.94617796,0.0
1335970375030177,1335970371853535,0.27867603,-0.033391554,-0.16188757,0.94605345,0.0
1335970378761584,1335970376644795,0.27863836,-0.033698328,-0.16255724,0.9459388,0.0
1335970383811844,1335970381436054,0.27835137,-0.033652686,-0.16316886,0.94591963,0.0
1335970388609604,1335970386227314,0.277859,-0.033371888,-0.1639427,0.94594055,0.0
1335970394309031,1335970391018574,0.2772179,-0.032907203,-0.16484338,0.94598836,0.0
1335970397342938,1335970395809834,0.2764732,-0.032389488,-0.16605338,0.94601256,0.0
1335970402631011,1335970400631611,0.27569562,-0.03172028,-0.16701038,0.9460937,0.0
1335970407475229,1335970405422871,0.27495128,-0.03102568,-0.16789994,0.9461759,0.0
1335970412694552,1335970410214131,0.2742837,-0.03032584,-0.16865987,0.9462572,0.0
1335970416639448,1335970415005390,0.27373672,-0.029706461,-0.16944812,0.94629437,0.0
1335970421433563,1335970419796650,0.27336365,-0.029069,-0.16988423,0.94634384,0.0
1335970425878198,1335970424587910,0.27317318,-0.028474132,-0.17016709,0.94636613,0.0
1335970431258979,1335970429379170,0.273193,-0.027935384,-0.17028229,0.9463557,0.0
1335970435964500,1335970434170429,0.2734132,-0.027540674,-0.17059495,0.9462474,0.0
1335970440538094,1335970438961689,0.27383167,-0.02711915,-0.17050536,0.9461547,0.0
1335970446476271,1335970443752949,0.27441394,-0.026788756,-0.17038228,0.94601756,0.0
1335970450639604,1335970448544209,0.27512014,-0.026574617,-0.17026669,0.9458393,0.0
1335970455613563,1335970453365986,0.27593902,-0.026480637,-0.1701794,0.94561905,0.0
1335970460540229,1335970458157246,0.27684218,-0.026499262,-0.17015329,0.94535923,0.0
1335970465028927,1335970462948506,0.2778128,-0.026609287,-0.17018038,0.94506645,0.0
1335970470037729,1335970467739765,0.2788173,-0.026802072,-0.17025833,0.94475114,0.0
1335970474634292,1335970472531025,0.27982274,-0.02713206,-0.1706626,0.9443714,0.0
1335970479319344,1335970477322285,0.28082252,-0.027435651,-0.17087094,0.94402814,0.0
1335970484045906,1335970482113545,0.28179833,-0.027782807,-0.1711151,0.9436829,0.0
1335970488505750,1335970486904804,0.28275228,-0.028122546,-0.17139763,0.9433362,0.0
1335970493628250,1335970491696064,0.2836852,-0.028477717,-0.17192355,0.94294965,0.0
1335970499363146,1335970496487324,0.28462738,-0.02867729,-0.17219673,0.9426098,0.0
1335970503757261,1335970501278584,0.28559104,-0.028764483,-0.17243831,0.9422714,0.0
1335970508669448,1335970506100361,0.2865879,-0.028733864,-0.17264205,0.9419323,0.0
1335970514722000,1335970510891621,0.28761202,-0.028659042,-0.1730143,0.94155407,0.0
1335970518029448,1335970515682881,0.2886736,-0.02840763,-0.17312828,0.9412158,0.0
1335970523013354,1335970520474140,0.2897518,-0.028085066,-0.1732227,0.9408767,0.0
1335970527693979,1335970525265400,0.2908318,-0.027719498,-0.17327969,0.94054383,0.0
1335970532159083,1335970530056660,0.29189986,-0.02737349,-0.17350398,0.9401817,0.0
1335970537179396,1335970534878437,0.29296,-0.026928723,-0.17345972,0.93987286,0.0
1335970542293458,1335970539669697,0.29398915,-0.026460579,-0.17335875,0.9395834,0.0
1335970546503615,1335970544460957,0.2949705,-0.025965823,-0.17324002,0.9393115,0.0
1335970552280021,1335970549252217,0.2958802,-0.025527965,-0.17332652,0.9390214,0.0
1335970557192052,1335970554043476,0.29671684,-0.025040006,-0.17323135,0.93878806,0.0
1335970561692938,1335970558865254,0.29746994,-0.02460198,-0.1731694,0.9385727,0.0
1335970565849917,1335970563656513,0.2981376,-0.024231717,-0.1731612,0.938372,0.0
1335970570997313,1335970568447773,0.29872414,-0.023990406,-0.17335612,0.93815565,0.0
1335970576898667,1335970573239033,0.2992453,-0.02375647,-0.17340969,0.9379856,0.0
1335970581653667,1335970578030293,0.29970956,-0.02356895,-0.1734999,0.9378254,0.0
1335970586805854,1335970582821552,0.30012122,-0.02340017,-0.17362936,0.937674,0.0
1335970591401011,1335970587612812,0.30049166,-0.023305072,-0.17395237,0.93749785,0.0
1335970595086740,1335970592404072,0.3008335,-0.023174386,-0.1741588,0.93735313,0.0
1335970599633458,1335970597195332,0.3011608,-0.023066733,-0.17439115,0.93720746,0.0
1335970604235281,1335970601986592,0.30148488,-0.022995928,-0.17464173,0.9370583,0.0
1335970609562729,1335970606808369,0.30182347,-0.02299168,-0.17501907,0.93687904,0.0
1335970614250281,1335970611599629,0.30218253,-0.022958916,-0.17526834,0.93671745,0.0
1335970618503771,1335970616390888,0.3025576,-0.022924578,-0.17552444,0.93654925,0.0
1335970623025542,1335970621182148,0.30295306,-0.022895006,-0.17577688,0.9363748,0.0
1335970627895906,1335970625973408,0.30334494,-0.022934798,-0.17617929,0.9361713,0.0
1335970633146531,1335970630764668,0.30374688,-0.022935359,-0.1763549,0.93600786,0.0
1335970637773406,1335970635555927,0.30415696,-0.022944646,-0.17644683,0.9358572,0.0
1335970642591635,1335970640347187,0.3045775,-0.022939682,-0.17641711,0.9357261,0.0
1335970646798510,1335970645138447,0.30498967,-0.023001093,-0.17653309,0.93556845,0.0
1335970652358823,1335970649929707,0.30543375,-0.022928074,-0.17623083,0.9354823,0.0
1335970657269813,1335970654720967,0.3059183,-0.022776786,-0.17580225,0.93540835,0.0
1335970662005333,1335970659542744,0.3064754,-0.022507412,-0.17524081,0.93533784,0.0
1335970667092417,1335970664334004,0.30709994,-0.02217678,-0.17476624,0.9352297,0.0
1335970671863563,1335970669125263,0.30780497,-0.021671213,-0.17402543,0.9351479,0.0
1335970675443719,1335970673916523,0.30856755,-0.021092005,-0.1732705,0.93505,0.0
1335970680669135,1335970678707783,0.30936223,-0.020505121,-0.17254801,0.9349341,0.0
1335970685415385,1335970683499043,0.31015638,-0.020040506,-0.17209718,0.93476415,0.0
1335970690461792,1335970688290302,0.31093365,-0.019617215,-0.17152622,0.9346198,0.0
1335970694681740,1335970693081562,0.3116686,-0.019341502,-0.17105328,0.93446743,0.0
1335970699844865,1335970697872822,0.31234413,-0.019235805,-0.1706608,0.9343158,0.0
1335970705293927,1335970702664082,0.3129521,-0.019352507,-0.17042923,0.9341522,0.0
1335970709273302,1335970707455342,0.31350255,-0.019618824,-0.17010531,0.9340211,0.0
1335970714520542,1335970712277119,0.31400314,-0.020062719,-0.16977075,0.9339044,0.0
1335970719548563,1335970717068379,0.31447387,-0.020636547,-0.16940579,0.93379974,0.0
1335970724071167,1335970721859638,0.3149274,-0.021304311,-0.16900775,0.933704,0.0
1335970728563615,1335970726650898,0.3153727,-0.022031287,-0.16858982,0.9336124,0.0
1335970733756844,1335970731442158,0.31583464,-0.022760214,-0.16813162,0.9335214,0.0
1335970738413823,1335970736233418,0.31632996,-0.023419358,-0.16765393,0.9334233,0.0
1335970743250594,1335970741024677,0.31687897,-0.023886073,-0.1670423,0.9333349,0.0
1335970747899031,1335970745815937,0.31749356,-0.024169508,-0.16650377,0.93321496,0.0
1335970752842052,1335970750607197,0.31821495,-0.0241583,-0.16588451,0.93307984,0.0
1335970757974760,1335970755398457,0.31909153,-0.02370053,-0.16523823,0.93290687,0.0
1335970763014396,1335970760189717,0.3200542,-0.022808274,-0.16462323,0.932708,0.0
1335970767736427,1335970765011494,0.32094434,-0.021898195,-0.16424802,0.9324901,0.0
1335970772256479,1335970769802754,0.32162002,-0.021351755,-0.16409639,0.93229663,0.0
1335970777507156,1335970774594013,0.3219909,-0.021233674,-0.16419467,0.932154,0.0
1335970781704083,1335970779385273,0.3220044,-0.021385508,-0.16444708,0.93210137,0.0
1335970786334552,1335970784176533,0.32162088,-0.021725107,-0.1648484,0.9321551,0.0
1335970791424604,1335970788967793,0.32083794,-0.022204872,-0.16530891,0.932332,0.0
1335970795611792,1335970793759052,0.31968266,-0.02277519,-0.16575617,0.9326356,0.0
1335970800433927,1335970798550312,0.31819716,-0.023397533,-0.16617371,0.9330538,0.0
1335970806188771,1335970803341572,0.31645653,-0.023971127,-0.16645747,0.9335805,0.0
1335970812131635,1335970808132832,0.31451002,-0.024457846,-0.1666274,0.93419516,0.0
1335970814331688,1335970812954609,0.3124138,-0.02484233,-0.16667527,0.9348796,0.0
1335970819325906,1335970817745869,0.3102587,-0.025120461,-0.16663624,0.9355965,0.0
1335970824522104,1335970822567646,0.30810514,-0.025221435,-0.16633902,0.9363581,0.0
1335970828746583,1335970827358906,0.3060528,-0.025143439,-0.16585173,0.93711936,0.0
1335970834062417,1335970832150166,0.3041536,-0.024875952,-0.16514015,0.9378702,0.0
1335970838567417,1335970836941426,0.30247128,-0.024474747,-0.16428804,0.9385742,0.0
1335970843469448,1335970841732685,0.30108237,-0.023937775,-0.16319557,0.939225,0.0
1335970848429656,1335970846523945,0.30003276,-0.023343872,-0.16199434,0.93978363,0.0
1335970853214552,1335970851315205,0.2993513,-0.022757601,-0.16079442,0.94022125,0.0
1335970857989135,1335970856106465,0.29902652,-0.022270616,-0.15975407,0.94051355,0.0
1335970863080177,1335970860897724,0.29910475,-0.021926504,-0.15882166,0.9406547,0.0
1335970867585698,1335970865688984,0.29959315,-0.021813503,-0.15810023,0.9406234,0.0
1335970872456792,1335970870510761,0.30049032,-0.022041589,-0.15758143,0.94041896,0.0
1335970877688250,1335970875302021,0.30172834,-0.022736765,-0.15729582,0.94005376,0.0
1335970887397469,1335970880093281,0.30322966,-0.023929747,-0.15706287,0.9395799,0.0
1335970887471167,1335970884884541,0.30487263,-0.025674386,-0.1569143,0.93902683,0.0
1335970891984031,1335970889675801,0.30651754,-0.027954724,-0.15682743,0.93844056,0.0
1335970908535385,1335970894467060,0.3080217,-0.030719671,-0.15685986,0.937856,0.0
1335970908618823,1335970899258320,0.30927923,-0.033853713,-0.15696096,0.9373172,0.0
1335970909263875,1335970904049580,0.31017855,-0.037254006,-0.15718168,0.93685395,0.0
1335970914427312,1335970908840840,0.31064227,-0.040775247,-0.15755686,0.9364906,0.0
