arrival_ts,event_ts,val_x,val_y,val_z
1335956528872683,1335956488130384,-0.90904236,4.053543,8.273819
1335956529121849,1335956493104749,-0.90904236,4.053543,8.273819
1335956529261224,1335956498079114,-0.90904236,4.053543,8.273819
1335956529387578,1335956503053479,-0.90904236,4.053543,8.273819
1335956529490808,1335956508027844,-0.90904236,4.053543,8.273819
1335956529584401,1335956513002210,-0.90904236,4.053543,8.273819
1335956529686901,1335956517976575,-1.5005646,4.0695953,7.574585
1335956529773099,1335956522950940,-2.4131317,4.1312866,6.511368
1335956536454974,1335956527925305,-2.417984,4.21373,6.5334015
1335956536560235,1335956532899671,-2.4045105,4.2738037,6.555832
1335956554693568,1335956537874036,-2.3613129,4.3483276,6.5977325
1335956554796380,1335956542848401,-2.2925568,4.4487915,6.65567
1335956554891276,1335956547822766,-2.1998138,4.5392914,6.6763306
1335956555499193,1335956552797132,-2.122818,4.626892,6.662857
1335956560883880,1335956557771497,-2.0299835,4.7213135,6.64299
1335956565150808,1335956562745862,-1.9311981,4.8322296,6.5810394
1335956570248099,1335956567720227,-1.823883,4.9858704,6.5089264
1335956581755703,1335956572694593,-1.6946716,5.117462,6.435501
1335956581867630,1335956577668958,-1.5361938,5.247299,6.4015045
1335956584816589,1335956582643323,-1.3562622,5.386688,6.351532
1335956589461328,1335956587617688,-1.155014,5.508423,6.3320312
1335956593945183,1335956592592053,-0.8987274,5.6276703,6.392578
1335956598646380,1335956597566419,-0.65689087,5.7611847,6.476303
1335956611798985,1335956602540784,-0.3874054,5.8648987,6.6371307
1335956611946953,1335956607515149,-0.3874054,5.8648987,6.6371307
1335956616835547,1335956612489514,-0.3874054,5.8648987,6.6371307
1335956623042318,1335956617463880,-0.3874054,5.8648987,6.6371307
1335956626757005,1335956622438245,-0.08190918,6.0491486,6.9830627
1335956631045078,1335956627412610,0.23905945,6.261383,7.4038544
1335956635950703,1335956632386975,0.24359131,6.322052,7.5336304
1335956641505391,1335956637361341,0.22059631,6.368088,7.6602936
1335956645936589,1335956642335706,0.1668396,6.4024506,7.829178
1335956650936172,1335956647310071,0.11280823,6.4348145,8.050674
1335956660873307,1335956652284436,0.065597534,6.456024,8.235016
1335956661139297,1335956657258802,0.047409058,6.4752197,8.3511505
1335956667269193,1335956662233167,-0.013381958,6.4760437,8.416229
1335956669709193,1335956667207532,-0.100372314,6.4850616,8.468887
1335956674081745,1335956672181897,-0.1668396,6.530884,8.468857
1335956679156901,1335956677156262,-0.19625854,6.565613,8.5047
1335956683826745,1335956682130628,-0.2052002,6.561569,8.610504
1335956690344818,1335956687104993,-0.19610596,6.5706635,8.755386
1335956698027110,1335956692079358,-0.16108704,6.5390472,8.970474
1335956702928568,1335956697053723,-0.086257935,6.503845,9.254471
1335956709919662,1335956702028089,-0.045791626,6.463211,9.640472
1335956712800339,1335956707002454,0.022735596,6.436447,10.060959
1335956717445807,1335956711976819,0.052627563,6.392166,10.464371
1335956722292578,1335956716951184,0.010437012,6.3190613,10.742889
1335956728077422,1335956721925550,-0.044448853,6.2322693,10.929108
1335956733775026,1335956726899915,-0.16703796,6.172821,11.012604
1335956736536016,1335956731874280,-0.27105713,6.115555,11.005417
1335956741608203,1335956736848645,-0.37277222,6.088974,10.920334
1335956745869453,1335956741823010,-0.47683716,6.0630493,10.812256
1335956750968464,1335956746797376,-0.53289795,6.0484314,10.6996
1335956756268516,1335956751771741,-0.56632996,6.0263214,10.574493
1335956760650912,1335956756746106,-0.5606079,5.953659,10.40387
1335956764910755,1335956761720471,-0.53616333,5.8546906,10.1705475
1335956769804557,1335956766694837,-0.52297974,5.7697754,9.888794
1335956775028255,1335956771669202,-0.5489044,5.721649,9.602646
1335956779963776,1335956776643567,-0.60491943,5.7085876,9.369003
1335956784470547,1335956781617932,-0.6712494,5.6734467,9.199753
1335956790419297,1335956786592298,-0.7390442,5.6414337,9.130264
1335956794437995,1335956791566663,-0.7837982,5.570114,9.158066
1335956799208985,1335956796541028,-0.75691223,5.4525757,9.255981
1335956803679505,1335956801515393,-0.68629456,5.3025208,9.361008
1335956809288724,1335956806489759,-0.6472168,5.162979,9.44632
1335956813677005,1335956811464124,-0.5929718,5.0395203,9.466858
1335956818375599,1335956816438489,-0.47639465,4.9452057,9.415253
1335956824402526,1335956821412854,-0.34277344,4.912735,9.260635
1335956833047005,1335956826387219,-0.23805237,4.8309784,9.083527
1335956837743047,1335956831361585,-0.047073364,4.8230133,8.876465
1335956842261328,1335956836335950,0.17558289,4.8065643,8.626953
1335956847198255,1335956841310315,0.4143982,4.774292,8.424149
1335956852715807,1335956846284680,0.66867065,4.7271423,8.322311
1335956858981641,1335956851259046,0.9070282,4.679657,8.331085
1335956861689662,1335956856233411,1.1034698,4.633621,8.444717
1335956866523099,1335956861207776,1.2509918,4.5939484,8.704697
1335956871295287,1335956866182141,1.3313446,4.5528717,9.089691
1335956875642682,1335956871156507,1.3383942,4.521332,9.528488
1335956880514297,1335956876130872,1.273529,4.4739532,9.944183
1335956885779922,1335956881105237,1.1538696,4.4533844,10.199158
1335956891048307,1335956886079602,0.9607849,4.4368286,10.318085
1335956895597266,1335956891053968,0.69470215,4.412033,10.393677
1335956900959401,1335956896028333,0.39335632,4.3787384,10.338959
1335956909969193,1335956901002698,0.114471436,4.318527,10.138077
1335956910331901,1335956905977063,-0.15014648,4.2315826,9.836914
1335956915212734,1335956910951428,-0.3750763,4.1250916,9.4366455
1335956919178464,1335956915925794,-0.54833984,4.058975,8.97821
1335956928615599,1335956920900159,-0.66989136,3.9999847,8.52652
1335956933107005,1335956925874524,-0.7017212,3.9728851,8.1362
1335956936212214,1335956930848889,-0.6462555,3.9697876,7.832367
1335956939504870,1335956935823255,-0.54745483,4.000641,7.618683
1335956943973359,1335956940797620,-0.40014648,4.0013733,7.480133
1335956948249193,1335956945771985,-0.27972412,4.0121,7.38678
1335956952642162,1335956950746350,-0.10699463,4.00119,7.3369904
1335956962152057,1335956955720716,0.06059265,3.9047852,7.295517
1335956966874609,1335956960695081,0.15101624,3.8405151,7.354828
1335956972013464,1335956965669446,0.20301819,3.7835693,7.4101715
1335956976637630,1335956970643811,0.19006348,3.7280426,7.4980316
1335956981444818,1335956975618177,0.12741089,3.668991,7.5688934
1335956986825964,1335956980592542,0.023422241,3.6158905,7.6923065
1335956990907109,1335956985566907,-0.07751465,3.51651,7.737442
1335956995488464,1335956990541272,-0.21180725,3.4191132,7.8477936
1335957000914037,1335956995515637,-0.35490417,3.3466034,7.938202
1335957005562839,1335957000490003,-0.4989624,3.3176117,8.001053
1335957010747682,1335957005464368,-0.60357666,3.294632,8.033066
1335957015627578,1335957010438733,-0.63049316,3.3103333,8.026489
1335957021699141,1335957015413098,-0.61372375,3.3556366,8.024185
1335957024871224,1335957020387464,-0.53616333,3.4179688,8.073761
1335957030036901,1335957025361829,-0.42474365,3.5049133,8.168549
1335957034930651,1335957030336194,-0.35006714,3.6206818,8.284973
1335957040439453,1335957035310559,-0.27346802,3.7597961,8.428207
1335957045017734,1335957040284925,-0.17066956,3.8833618,8.567627
1335957049501380,1335957045259290,-0.09921265,3.9844818,8.709976
1335957056980495,1335957050233655,-0.08004761,4.0927734,8.831238
1335957058501953,1335957055208020,-0.08239746,4.1905975,8.900299
1335957063879193,1335957060182385,-0.09307861,4.2534485,8.922256
1335957068495495,1335957065156751,-0.13941956,4.278076,8.842804
1335957073481068,1335957070131116,-0.17320251,4.3038177,8.669968
1335957078255651,1335957075105481,-0.23570251,4.3224335,8.411728
1335957083006745,1335957080079846,-0.30278015,4.342087,8.143417
1335957087934193,1335957085054212,-0.3934784,4.364334,7.8231506
1335957097067422,1335957090028577,-0.51927185,4.398361,7.52182
1335957102011901,1335957095002942,-0.66007996,4.4131317,7.228531
1335957106471953,1335957099977307,-0.7436218,4.426239,6.9778748
1335957113046745,1335957104951673,-0.8076019,4.4499664,6.7577972
1335957115907370,1335957109926038,-0.79319763,4.4930573,6.5609436
1335957120461068,1335957114900403,-0.7364502,4.5058594,6.369034
1335957125421016,1335957119874768,-0.6414032,4.546341,6.218155
1335957130952682,1335957124849134,-0.5149689,4.6389465,6.108017
1335957134948307,1335957129823499,-0.3849945,4.7203827,6.0413055
1335957140042786,1335957134797864,-0.27142334,4.799011,6.0173798
1335957144603932,1335957139772229,-0.15818787,4.922516,6.0502625
1335957148910599,1335957144746594,-0.06814575,5.0388794,6.0914764
1335957155395911,1335957149720960,0.008865356,5.142334,6.1723022
1335957159176641,1335957154695325,0.052947998,5.2182617,6.2840424
1335957163630807,1335957159669690,0.072052,5.265671,6.383911
1335957168590234,1335957164644055,0.085357666,5.30249,6.525543
1335957173282995,1335957169618421,0.059646606,5.3074646,6.708679
1335957178555026,1335957174592786,-0.006942749,5.297043,6.910919
1335957182665339,1335957179567151,-0.12797546,5.2538757,7.1345367
1335957187204193,1335957184541516,-0.26081848,5.1987762,7.368347
1335957193687786,1335957189515882,-0.36601257,5.109726,7.609894
1335957197596224,1335957194490247,-0.47839355,5.077545,7.830124
1335957201815443,1335957199464612,-0.57489014,5.040802,8.01944
1335957207290964,1335957204438977,-0.67103577,4.990097,8.211746
1335957211808047,1335957209413343,-0.81211853,4.960022,8.454132
1335957216585078,1335957214387708,-0.9955139,4.909683,8.707169
1335957221215443,1335957219362073,-1.1507263,4.84317,9.025162
1335957230457786,1335957224336438,-1.2834473,4.8285065,9.301804
1335957235528984,1335957229310803,-1.3913422,4.8209076,9.50032
1335957240999505,1335957234285169,-1.4083862,4.8475647,9.61821
1335957245298776,1335957239259534,-1.3991699,4.8880463,9.640121
1335957250137995,1335957244233899,-1.3695679,4.9236145,9.543549
1335957255435807,1335957249208264,-1.2998352,4.9931793,9.478973
1335957259856380,1335957254182630,-1.2401733,5.089447,9.430466
1335957264018411,1335957259156995,-1.1438751,5.188141,9.346344
1335957269649870,1335957264131360,-1.0178528,5.288574,9.252869
1335957276035859,1335957269105725,-0.9035797,5.372345,9.140213
1335957279799557,1335957274080091,-0.7994385,5.48172,9.020706
1335957284734036,1335957279054456,-0.7028656,5.616745,8.881882
1335957288658932,1335957284028821,-0.63194275,5.7189484,8.72319
1335957294133724,1335957289003186,-0.6133728,5.7947083,8.587723
1335957298075651,1335957293977552,-0.5938568,5.8840027,8.470657
1335957302799505,1335957298951917,-0.56977844,5.9643555,8.358688
1335957307704714,1335957303926282,-0.53312683,6.028946,8.2426605
1335957313151380,1335957308900647,-0.48269653,6.0693054,8.154358
1335957317962786,1335957313875012,-0.43052673,6.1154175,8.089279
1335957323121641,1335957318849378,-0.38916016,6.150284,8.049454
1335957326964453,1335957323823743,-0.33488464,6.1851654,8.041718
1335957332574453,1335957328798108,-0.24601746,6.2084656,8.124405
1335957337045599,1335957333772473,-0.22331238,6.2015686,8.263611
1335957341572526,1335957338746839,-0.18577576,6.178406,8.52623
1335957346394088,1335957343721204,-0.1614685,6.1199493,8.815918
1335957351048255,1335957348695569,-0.17643738,6.078827,9.106567
1335957360447578,1335957353669934,-0.12666321,6.0174713,9.393372
1335957365427422,1335957358644300,-0.12919617,5.96904,9.567108
1335957370036068,1335957363618665,-0.08874512,5.8974304,9.782303
1335957374649922,1335957368593030,-0.09461975,5.83342,9.958313
1335957380387630,1335957373567395,-0.1134491,5.782669,10.108643
1335957384669713,1335957378541760,-0.17601013,5.690445,10.214264
1335957389446953,1335957383516126,-0.2746277,5.6259155,10.223358
1335957394853620,1335957388490491,-0.4102478,5.548813,10.123047
1335957399620130,1335957393464856,-0.6252136,5.46727,9.96286
1335957404885963,1335957398439221,-0.83221436,5.3886414,9.735123
1335957410282891,1335957403413587,-1.019867,5.3108215,9.5108795
1335957413455807,1335957408387952,-1.1663818,5.2356415,9.306885
1335957418228203,1335957413362317,-1.2901306,5.1533203,9.126907
1335957422699141,1335957418336682,-1.3647614,5.0862427,8.963394
1335957427409818,1335957423311048,-1.405716,5.033249,8.838516
1335957432706276,1335957428285413,-1.3974457,4.968811,8.785187
1335957437485599,1335957433259778,-1.3722382,4.893387,8.842163
1335957442395859,1335957438234143,-1.3130646,4.814743,8.993973
1335957447329349,1335957443208509,-1.2725525,4.733551,9.250351
1335957451445651,1335957448182874,-1.2163086,4.6282196,9.585587
1335957456578620,1335957453157239,-1.1472168,4.515091,9.987305
1335957461165182,1335957458131604,-1.1201477,4.3994904,10.363342
1335957465416693,1335957463105969,-1.1511688,4.2927094,10.694107
1335957470431484,1335957468080335,-1.2414246,4.1967316,10.94397
1335957475317213,1335957473054700,-1.3778381,4.11322,11.088425
1335957480220859,1335957478029065,-1.5285339,4.0039825,11.061142
1335957484721068,1335957483003430,-1.6824493,3.9299774,10.971649
1335957494738203,1335957487977796,-1.829956,3.839203,10.848846
1335957499713151,1335957492952161,-1.9399567,3.7666016,10.732101
1335957504812682,1335957497926526,-2.017395,3.7289124,10.524719
1335957509662161,1335957502900891,-2.070053,3.7204742,10.241364
1335957514093203,1335957507875257,-2.081314,3.770172,9.861237
1335957519882109,1335957512849622,-2.03508,3.8089447,9.486877
1335957523313099,1335957517823987,-1.97995,3.8679352,9.044952
1335957528671901,1335957522798352,-1.9174194,3.9674683,8.641998
1335957533171849,1335957527772718,-1.8625946,4.0435333,8.294693
1335957537976953,1335957532747083,-1.80336,4.095703,8.005753
1335957542530234,1335957537721448,-1.7150879,4.1525116,7.761551
1335957547295911,1335957542695813,-1.5910339,4.1992493,7.534485
1335957551812370,1335957547670178,-1.4205475,4.227249,7.3515015
1335957557161068,1335957552644544,-1.2267456,4.251053,7.2332
1335957561446901,1335957557618909,-1.0236511,4.259552,7.1759186
1335957566385390,1335957562593274,-0.77775574,4.2743225,7.1220703
1335957571071640,1335957567567639,-0.53982544,4.3041534,7.0848846
1335957576216224,1335957572542005,-0.37283325,4.329422,7.1138916
1335957580980703,1335957577516370,-0.2638855,4.376129,7.1937714
1335957585427318,1335957582490735,-0.23135376,4.44281,7.302307
1335957591564818,1335957587465100,-0.20532227,4.5216675,7.44075
1335957595936068,1335957592439466,-0.18481445,4.587738,7.5575104
1335957601032109,1335957597413831,-0.16946411,4.670044,7.684952
1335957605563620,1335957602388196,-0.12490845,4.74852,7.814499
1335957611390182,1335957607362561,-0.114990234,4.8233185,7.9525146
1335957614850599,1335957612336927,-0.09391785,4.861038,8.110046
1335957619102682,1335957617311292,-0.06437683,4.8886414,8.242706
1335957628544870,1335957622285657,-0.03970337,4.912201,8.381378
1335957633304818,1335957627260022,-0.08204651,4.841339,8.508438
1335957638495495,1335957632234387,-0.10133362,4.8118286,8.6371
1335957642892265,1335957637208753,-0.17036438,4.740738,8.743988
1335957647658568,1335957642183118,-0.2245636,4.6371765,8.859772
1335957654692213,1335957647157483,-0.34809875,4.4889374,8.958893
1335957658778984,1335957652131848,-0.4563141,4.3182526,9.097412
1335957663408620,1335957657106214,-0.58636475,4.119858,9.231232
1335957668704088,1335957662080579,-0.7435913,3.934967,9.28363
1335957674807109,1335957667054944,-0.92118835,3.8085938,9.221878
1335957680305807,1335957672029309,-1.0982971,3.714264,9.052872
1335957682896693,1335957677003675,-1.2455597,3.6514435,8.82782
1335957686626693,1335957681978040,-1.363327,3.6086884,8.541992
1335957692077213,1335957686952405,-1.4389343,3.6000366,8.206528
1335957696157786,1335957691926770,-1.4752045,3.6096191,7.8573914
1335957700506120,1335957696901135,-1.428772,3.640808,7.5283203
1335957705744765,1335957701875501,-1.3201599,3.6897278,7.204788
1335957710277370,1335957706849866,-1.1932526,3.744278,6.891922
1335957714792265,1335957711824231,-1.0526123,3.7988281,6.637726
1335957719617161,1335957716798596,-0.9281311,3.8820038,6.3906403
1335957724441068,1335957721772962,-0.83573914,3.9726715,6.2103577
1335957729952474,1335957726747327,-0.7788086,4.050308,6.0558167
1335957734366849,1335957731721692,-0.72088623,4.1165924,5.9326477
1335957738931484,1335957736696057,-0.65696716,4.1983795,5.837387
1335957743906901,1335957741670423,-0.60357666,4.22908,5.749939
1335957748504922,1335957746644788,-0.56073,4.2702484,5.6816406
1335957758219036,1335957751619153,-0.55433655,4.3050537,5.608261
1335957763412474,1335957756593518,-0.46292114,4.353012,5.614975
1335957767766640,1335957761567884,-0.44004822,4.416214,5.6083984
1335957772805286,1335957766542249,-0.43658447,4.465454,5.643585
1335957777419870,1335957771516614,-0.40563965,4.5277557,5.708725
1335957782457161,1335957776490979,-0.3740387,4.5840454,5.820404
1335957786838047,1335957781465344,-0.37561035,4.6628723,5.9449463
1335957791685078,1335957786439710,-0.40527344,4.719223,6.104004
1335957797036067,1335957791414075,-0.4156952,4.767166,6.3542175
1335957801854036,1335957796388440,-0.4108734,4.817688,6.6514587
1335957806455599,1335957801362805,-0.43440247,4.8623505,6.945114
1335957811123515,1335957806337171,-0.44396973,4.904587,7.2335205
1335957815934140,1335957811311536,-0.42410278,4.9496613,7.4980164
1335957820627370,1335957816285901,-0.42086792,4.967575,7.7216797
1335957825699505,1335957821260266,-0.4216919,4.9930267,7.9078674
1335957830547057,1335957826234632,-0.44082642,4.9979706,8.05217
1335957835683307,1335957831208997,-0.47236633,4.992584,8.129868
1335957840163984,1335957836183362,-0.48851013,4.9885254,8.189819
1335957844985755,1335957841157727,-0.52067566,4.997513,8.208328
1335957851246432,1335957846132093,-0.5420685,4.9982605,8.185974
1335957854887890,1335957851106458,-0.56729126,4.985321,8.192749
1335957859394765,1335957856080823,-0.55677795,4.9877167,8.231812
1335957864478151,1335957861055188,-0.49217224,5.0193024,8.383163
1335957870062838,1335957866029553,-0.37416077,5.07518,8.606659
1335957874834765,1335957871003919,-0.3085785,5.110779,8.942444
1335957878082109,1335957875978284,-0.16059875,5.1907654,9.424438
1335957882856120,1335957880952649,-0.013534546,5.2634277,10.00148
1335957892621588,1335957885927014,0.10412598,5.335785,10.624405
1335957897220911,1335957890901380,0.23913574,5.323822,11.239929
1335957901752526,1335957895875745,0.3143463,5.3186035,11.792252
1335957906684557,1335957900850110,0.40795898,5.3064575,12.168411
1335957913344765,1335957905824475,0.4131775,5.259094,12.350174
1335957916510703,1335957910798841,0.30944824,5.191269,12.285538
1335957920993828,1335957915773206,0.14050293,5.1381683,12.010834
1335957925822786,1335957920747571,-0.08377075,5.0885773,11.57341
1335957930667734,1335957925721936,-0.34957886,5.06575,11.049698
1335957935636953,1335957930696302,-0.602829,5.070465,10.551834
1335957940373620,1335957935670667,-0.8854828,5.0939484,10.131668
1335957945553880,1335957940645032,-1.1175385,5.1239624,9.767517
1335957949877057,1335957945619397,-1.2419891,5.1630707,9.417557
1335957954607161,1335957950593762,-1.3127594,5.195221,9.127808
1335957959639349,1335957955568128,-1.3476257,5.252289,8.873703
1335957964505234,1335957960542493,-1.2997742,5.3318176,8.643951
1335957969243099,1335957965516858,-1.1883545,5.4017487,8.489868
1335957974267786,1335957970491223,-1.0368042,5.496826,8.437592
1335957978627994,1335957975465589,-0.7848053,5.616089,8.5190735
1335957983456328,1335957980439954,-0.48114014,5.7448273,8.756622
1335957988467265,1335957985414319,-0.17678833,5.86174,9.116638
1335957993689713,1335957990388684,0.16693115,5.9270782,9.581604
1335957997951849,1335957995363050,0.4593506,5.9589844,10.060425
1335958002710859,1335958000337415,0.6952057,5.948166,10.556473
1335958007546901,1335958005311780,0.8464203,5.8644867,11.022659
1335958012539557,1335958010286145,0.8614502,5.7725677,11.390366
1335958017486224,1335958015260510,0.81407166,5.607498,11.577209
1335958026816276,1335958020234876,0.68756104,5.3948517,11.685074
1335958031359713,1335958025209241,0.5492401,5.126053,11.6519165
1335958036249609,1335958030183606,0.3872528,4.859619,11.573441
1335958040851380,1335958035157971,0.2158966,4.674698,11.496887
1335958046042005,1335958040132337,0.016433716,4.514679,11.368347
1335958050996484,1335958045106702,-0.17271423,4.427536,11.193207
1335958055756588,1335958050081067,-0.3421936,4.349411,11.008148
1335958060748463,1335958055055432,-0.45700073,4.3256073,10.802734
1335958066416901,1335958060029798,-0.50712585,4.2966766,10.488022
1335958069953828,1335958065004163,-0.49594116,4.2697754,10.08815
1335958075122369,1335958069978528,-0.43896484,4.2602997,9.661377
1335958080141588,1335958074952893,-0.3681488,4.2478333,9.267929
1335958084659974,1335958079927259,-0.28681946,4.237549,8.9096985
1335958089727161,1335958084901624,-0.18354797,4.247467,8.581924
1335958094259922,1335958089875989,-0.065475464,4.2390137,8.266968
1335958098706692,1335958094850354,0.07180786,4.2134094,7.959778
1335958103444036,1335958099824719,0.25157166,4.163788,7.703766
1335958108675494,1335958104799085,0.4638672,4.1339874,7.4856567
1335958113277994,1335958109773450,0.69085693,4.10791,7.353012
1335958117607838,1335958114747815,0.9266052,4.0756226,7.2759094
1335958122274974,1335958119722180,1.1235199,4.016861,7.2630463
1335958127574088,1335958124696546,1.2749329,3.9422455,7.32901
1335958131924557,1335958129670911,1.3489075,3.8714905,7.437668
1335958136631797,1335958134645276,1.3182678,3.8341675,7.55838
1335958141532682,1335958139619641,1.2757874,3.7548218,7.6666718
1335958146545494,1335958144594007,1.126297,3.6656952,7.8411255
1335958156245651,1335958149568372,0.9354706,3.5692139,8.009857
1335958161613307,1335958154542737,0.7107849,3.4909363,8.143158
1335958165995234,1335958159517102,0.4750824,3.4411926,8.246063
1335958170573880,1335958164491468,0.33589172,3.4412384,8.203781
1335958175114869,1335958169465833,0.09901428,3.4234467,8.199142
1335958181164974,1335958174440198,-0.16584778,3.4089203,8.2916565
1335958184275234,1335958179414563,-0.35481262,3.4185944,8.353943
1335958189097317,1335958184388928,-0.48735046,3.4399261,8.435501
1335958194047890,1335958189363294,-0.5526581,3.460266,8.486176
1335958198779453,1335958194337659,-0.56987,3.4628754,8.491684
1335958203524140,1335958199312024,-0.5369873,3.4982452,8.399246
1335958208550130,1335958204286389,-0.44337463,3.5400696,8.216721
1335958213526328,1335958209260755,-0.33172607,3.589981,7.980942
1335958217959088,1335958214235120,-0.21588135,3.6961975,7.692688
1335958222695859,1335958219209485,-0.08355713,3.8280792,7.4147644
1335958228261171,1335958224183850,0.0370636,3.9605408,7.170334
1335958232994713,1335958229158216,0.18183899,4.0907135,6.9769745
1335958237680546,1335958234132581,0.31604004,4.243164,6.853607
1335958242130807,1335958239106946,0.41871643,4.352173,6.7871246
1335958247507005,1335958244081311,0.5165558,4.386902,6.748749
1335958252513619,1335958249055677,0.5452118,4.398178,6.71463
1335958256866171,1335958254030042,0.53053284,4.368103,6.689377
1335958261517890,1335958259004407,0.43878174,4.3777924,6.6550446
1335958266274349,1335958263978772,0.28771973,4.3646393,6.6616364
1335958271650546,1335958268953137,0.11128235,4.344757,6.6351166
1335958276067786,1335958273927503,-0.076660156,4.358963,6.575577
1335958281304244,1335958278901868,-0.22294617,4.3598175,6.494568
1335958291027890,1335958283876233,-0.34368896,4.3796844,6.3569183
1335958295564974,1335958288850598,-0.43946838,4.4202576,6.2118683
1335958300078255,1335958293824964,-0.5502472,4.475601,6.05336
1335958304921588,1335958298799329,-0.57725525,4.5399475,5.92482
1335958309480286,1335958303773694,-0.5930481,4.611618,5.8088226
1335958314275078,1335958308748059,-0.5456238,4.6494446,5.735321
1335958318962890,1335958313722425,-0.4264984,4.7144165,5.665756
1335958323687369,1335958318696790,-0.29156494,4.798462,5.621567
1335958328626796,1335958323671155,-0.119506836,4.8832397,5.6330414
1335958333749713,1335958328645520,0.08929443,4.9647064,5.642334
1335958338151536,1335958333619885,0.29859924,5.0693665,5.692871
1335958343071380,1335958338594251,0.4839325,5.1782074,5.760376
1335958347704713,1335958343568616,0.63526917,5.2362976,5.8926697
1335958353279869,1335958348542981,0.7621918,5.2695312,6.0996857
1335958359779921,1335958353517346,0.83714294,5.279907,6.337265
1335958362086536,1335958358491712,0.8292084,5.2494507,6.632599
1335958367047890,1335958363466077,0.7292328,5.2176666,6.999344
1335958371901171,1335958368440442,0.5466461,5.148224,7.3916473
1335958376612474,1335958373414807,0.32453918,5.047928,7.781616
1335958381563932,1335958378389173,0.08892822,4.936508,8.07901
1335958386065078,1335958383363538,-0.171875,4.82782,8.334274
1335958391075182,1335958388337903,-0.47955322,4.748657,8.599976
1335958396095651,1335958393312268,-0.74897766,4.7537384,8.827881
1335958400747838,1335958398286634,-0.933197,4.8099823,9.084625
1335958406344713,1335958403260999,-1.0692444,4.94281,9.336914
1335958410988359,1335958408235364,-1.0835419,5.036087,9.599319
1335958414616588,1335958413209729,-0.9951935,5.1566315,9.833939
1335958424583307,1335958418184094,-0.8598633,5.2851562,10.102158
1335958430517786,1335958423158460,-0.69140625,5.3951263,10.361023
1335958435363255,1335958428132825,-0.50914,5.48291,10.523941
1335958438481432,1335958433107190,-0.4284973,5.5721893,10.597488
1335958443428203,1335958438081555,-0.392807,5.6299133,10.519897
1335958448628151,1335958443055921,-0.3480835,5.6729584,10.295578
1335958453124088,1335958448030286,-0.3673401,5.7078247,10.012283
1335958457628671,1335958453004651,-0.41654968,5.7851715,9.671463
1335958462366223,1335958457979016,-0.51615906,5.858032,9.320633
1335958467153776,1335958462953382,-0.59295654,5.9271545,9.03215
1335958471961484,1335958467927747,-0.6501465,5.9937134,8.81044
1335958477184661,1335958472902112,-0.69033813,6.0555725,8.6818695
1335958481673880,1335958477876477,-0.73049927,6.097809,8.646973
1335958486289661,1335958482850843,-0.79315186,6.1387787,8.735245
1335958491476901,1335958487825208,-0.90948486,6.1717377,8.9661255
1335958495966380,1335958492799573,-1.0844574,6.1558075,9.389526
1335958500969817,1335958497773938,-1.264801,6.067566,9.975479
1335958505565651,1335958502748303,-1.4215546,5.933914,10.642761
1335958512054140,1335958507722669,-1.4775085,5.7864075,11.281403
1335958515402421,1335958512697034,-1.4233856,5.667938,11.917282
1335958520472005,1335958517671399,-1.3161011,5.509033,12.471237
1335958525599348,1335958522645764,-1.2093353,5.3545227,12.948563
1335958531067734,1335958527620130,-1.0905914,5.172531,13.304077
1335958535144973,1335958532594495,-1.01828,5.046051,13.533813
1335958539675807,1335958537568860,-0.9469757,4.942734,13.666809
1335958544760390,1335958542543225,-0.79330444,4.8245544,13.646439
1335958554243984,1335958547517591,-0.6062927,4.694153,13.541199
1335958559017734,1335958552491956,-0.40245056,4.588928,13.272064
1335958563497057,1335958557466321,-0.251297,4.5215454,12.934586
1335958568593515,1335958562440686,-0.11631775,4.4819336,12.646957
1335958574318567,1335958567415052,-0.07215881,4.4769135,12.274673
1335958578322473,1335958572389417,-0.044830322,4.5624237,11.93988
1335958582742630,1335958577363782,-0.0050964355,4.6886597,11.638168
1335958587468619,1335958582338147,0.07229614,4.8309174,11.329315
1335958592272473,1335958587312512,0.14137268,4.964554,11.03598
1335958596874661,1335958592286878,0.1973877,5.0654755,10.799973
1335958601690442,1335958597261243,0.20083618,5.1248016,10.543289
1335958606763046,1335958602235608,0.16625977,5.151184,10.264328
1335958611279557,1335958607209973,0.070877075,5.181061,9.95079
1335958616021640,1335958612184339,-0.048477173,5.1996307,9.546936
1335958620756484,1335958617158704,-0.18571472,5.218231,9.117157
1335958625663203,1335958622133069,-0.33399963,5.2177887,8.672287
1335958630534036,1335958627107434,-0.47999573,5.2277527,8.226883
1335958635564713,1335958632081800,-0.6259308,5.233307,7.7740936
1335958640370442,1335958637056165,-0.817749,5.2209167,7.336731
1335958645112369,1335958642030530,-0.98698425,5.219925,6.9796753
1335958649862005,1335958647004895,-1.1049347,5.204773,6.679184
1335958654722890,1335958651979260,-1.1826172,5.195877,6.477707
1335958659267109,1335958656953626,-1.2121735,5.148987,6.349472
1335958664324088,1335958661927991,-1.2090759,5.083496,6.360092
1335958670101119,1335958666902356,-1.1754608,4.983734,6.4667816
1335958674062213,1335958671876721,-1.1177521,4.8748474,6.649399
1335958678538411,1335958676851087,-0.9872589,4.7631683,6.8523865
1335958688032369,1335958681825452,-0.8666229,4.714218,7.05394
1335958692735130,1335958686799817,-0.6945038,4.6322937,7.269562
1335958697554088,1335958691774182,-0.47265625,4.6234283,7.509903
1335958702200286,1335958696748548,-0.24746704,4.572998,7.7188263
1335958707253463,1335958701722913,-0.06474304,4.49971,8.058014
1335958711805390,1335958706697278,0.015808105,4.4867706,8.384445
1335958716895546,1335958711671643,0.10115051,4.44664,8.63298
1335958721381536,1335958716646009,0.19921875,4.37442,8.846512
1335958726135234,1335958721620374,0.2574463,4.263397,8.969467
1335958731151953,1335958726594739,0.3184204,4.1506195,9.027985
1335958735919244,1335958731569104,0.36775208,4.0438538,9.005447
1335958740689921,1335958736543469,0.35580444,3.9726715,8.896118
1335958745752369,1335958741517835,0.30810547,3.9207,8.711838
1335958751175598,1335958746492200,0.23480225,3.8771667,8.46106
1335958755765859,1335958751466565,0.16143799,3.8382416,8.177185
1335958761132682,1335958756440930,0.08973694,3.823288,7.879776
1335958765372838,1335958761415296,0.050445557,3.8292084,7.578842
1335958770148098,1335958766389661,0.01159668,3.815155,7.287567
1335958775158723,1335958771364026,-0.03138733,3.7869568,7.021988
1335958780095807,1335958776338391,-0.10296631,3.7606812,6.748413
1335958786539348,1335958781312757,-0.19857788,3.7395477,6.54393
1335958790835234,1335958786287122,-0.29600525,3.6689453,6.396286
1335958794667473,1335958791261487,-0.35612488,3.651886,6.300049
1335958798590234,1335958796235852,-0.3869629,3.615265,6.2194977
1335958803601432,1335958801210218,-0.3942566,3.58638,6.2156525
1335958808353880,1335958806184583,-0.3945923,3.5477142,6.2229004
1335958813811484,1335958811158948,-0.45440674,3.5247192,6.2590637
1335958822512161,1335958816133313,-0.460495,3.4284058,6.327881
1335958827286119,1335958821107678,-0.50071716,3.40802,6.388687
1335958831783671,1335958826082044,-0.5188446,3.3804321,6.4656982
1335958836715807,1335958831056409,-0.5855713,3.3502655,6.5416718
1335958841651015,1335958836030774,-0.64131165,3.3347778,6.597534
1335958846209557,1335958841005139,-0.649292,3.3798065,6.5874023
1335958852136484,1335958845979505,-0.616272,3.3699188,6.555664
1335958856260442,1335958850953870,-0.5446625,3.388794,6.481415
1335958860686432,1335958855928235,-0.46905518,3.430832,6.3741455
1335958865310286,1335958860902600,-0.36013794,3.505951,6.2647095
1335958870254973,1335958865876966,-0.2970581,3.6548462,6.226425
1335958875035338,1335958870851331,-0.27201843,3.8773193,6.2325287
1335958879947109,1335958875825696,-0.24685669,4.0762634,6.2691193
1335958884490702,1335958880800061,-0.22085571,4.267761,6.325058
1335958889668775,1335958885774427,-0.19367981,4.45224,6.3990326
1335958894343202,1335958890748792,-0.14819336,4.595566,6.505371
1335958899154713,1335958895723157,-0.110702515,4.737747,6.6128235
1335958906064713,1335958900697522,-0.07119751,4.8575897,6.682251
1335958908848932,1335958905671887,-0.029907227,4.943939,6.723236
1335958913635338,1335958910646253,-0.022521973,4.999359,6.7166595
1335958918565807,1335958915620618,-0.0066986084,5.0333405,6.7094116
1335958923765911,1335958920594983,-0.008071899,5.064972,6.6892242
1335958927547942,1335958925569348,-0.017593384,5.134262,6.676758
1335958933919609,1335958930543714,-0.008178711,5.200531,6.699066
1335958937612890,1335958935518079,-0.018173218,5.2651215,6.8025513
1335958942035390,1335958940492444,0.025390625,5.3320465,6.9353333
1335958952413307,1335958945466809,-0.013381958,5.35614,7.1088867
1335958956577473,1335958950441175,0.04676819,5.4276123,7.3359375
1335958961307942,1335958955415540,0.06956482,5.4408875,7.5951233
1335958966235546,1335958960389905,0.095062256,5.465393,7.9984436
1335958970931900,1335958965364270,0.111450195,5.4960327,8.428101
1335958975499036,1335958970338635,0.14575195,5.4820557,8.869278
1335958980403307,1335958975313001,0.169693,5.493332,9.288788
1335958985477057,1335958980287366,0.22375488,5.5364532,9.631958
1335958991500859,1335958985261731,0.3148651,5.5665283,9.88652
1335958994937890,1335958990236096,0.34396362,5.6213226,10.0321045
1335959000173984,1335958995210462,0.37721252,5.688736,10.152283
1335959004561275,1335959000184827,0.3728485,5.7420654,10.271973
1335959009552109,1335959005159192,0.35803223,5.7997284,10.385391
1335959014533463,1335959010133557,0.36637878,5.8242035,10.477844
1335959020616900,1335959015107923,0.383667,5.8218384,10.529053
1335959024159557,1335959020082288,0.44989014,5.8523407,10.53389
1335959029246796,1335959025056653,0.54748535,5.8627167,10.449997
1335959035760598,1335959030031018,0.6220856,5.8817596,10.3155365
1335959038514296,1335959035005384,0.6175537,5.8729706,10.198654
1335959043346796,1335959039979749,0.5621643,5.8833466,10.058823
1335959048386484,1335959044954114,0.44885254,5.902191,9.945038
1335959053550755,1335959049928479,0.28070068,5.907501,9.895599
1335959057385442,1335959054902844,0.05555725,5.9280853,9.822601
1335959062435025,1335959059877210,-0.19937134,5.9529266,9.719589
1335959066954661,1335959064851575,-0.47529602,5.9645996,9.53154
1335959071741432,1335959069825940,-0.80841064,6.0111237,9.410538
1335959076914036,1335959074800305,-1.1153564,6.041794,9.37709
1335959086359921,1335959079774671,-1.3782654,6.0532074,9.346466
1335959091436536,1335959084749036,-1.5743408,6.019272,9.376846
1335959096601692,1335959089723401,-1.6564636,5.9246216,9.458908
1335959100734661,1335959094697766,-1.7563019,5.852112,9.596024
1335959105410598,1335959099672132,-1.8023224,5.7842407,9.799271
1335959110043411,1335959104646497,-1.7873535,5.6908875,10.043793
1335959114627682,1335959109620862,-1.7204742,5.611969,10.320419
1335959119645807,1335959114595227,-1.5309753,5.5473022,10.635147
1335959124477838,1335959119569593,-1.2540894,5.52124,10.991348
1335959129542994,1335959124543958,-0.86906433,5.497528,11.380997
1335959134495650,1335959129518323,-0.42132568,5.4633636,11.808594
1335959138684817,1335959134492688,0.027389526,5.4272156,12.310837
1335959143288150,1335959139467053,0.45021057,5.347275,12.854767
1335959148388307,1335959144441419,0.7962494,5.228348,13.353348
1335959154177890,1335959149415784,1.0087585,5.0917053,13.733612
1335959158716536,1335959154390149,1.0846558,4.936844,13.898514
1335959162943619,1335959159364514,1.0492249,4.7738953,13.738068
1335959170271484,1335959164338880,0.91812134,4.6323395,13.257248
1335959172828098,1335959169313245,0.7389984,4.5056915,12.544296
1335959177678463,1335959174287610,0.51130676,4.4203796,11.704834
1335959181852577,1335959179261975,0.29388428,4.3657074,10.89238
1335959188510234,1335959184236341,0.101745605,4.347275,10.198288
1335959191159348,1335959189210706,0.0023651123,4.3332825,9.57695
1335959196171119,1335959194185071,-0.017822266,4.369232,9.037857
1335959202142786,1335959199159436,0.054000854,4.4139557,8.641586
1335959205699609,1335959204133802,0.2280426,4.405731,8.284515
1335959210667525,1335959209108167,0.40701294,4.4339905,7.9651337
1335959220055859,1335959214082532,0.6303253,4.4162445,7.7891235
1335959225309244,1335959219056897,0.7776642,4.390381,7.692566
1335959232145129,1335959224031262,0.87535095,4.379898,7.6624756
1335959234780911,1335959229005628,1.0043182,4.343292,7.64299
1335959239792682,1335959233979993,1.1544342,4.2887726,7.7250824
1335959244288254,1335959238954358,1.2770844,4.190506,7.9268646
1335959249286379,1335959243928723,1.373169,4.0532837,8.12468
1335959254071484,1335959248903089,1.3634491,3.9198608,8.320145
1335959258677161,1335959253877454,1.2862244,3.7857666,8.481796
1335959263302525,1335959258851819,1.1489563,3.667328,8.611282
1335959268439400,1335959263826184,0.958786,3.5992126,8.708679
1335959273187473,1335959268800550,0.6854706,3.560669,8.734909
1335959278186223,1335959273774915,0.37989807,3.5356903,8.635239
1335959282383671,1335959278749280,0.061691284,3.4918213,8.5746
1335959288222317,1335959283723645,-0.26464844,3.435379,8.566223
1335959293020650,1335959288698010,-0.5461273,3.3815613,8.48616
1335959297361796,1335959293672376,-0.80348206,3.3367462,8.368164
1335959301674713,1335959298646741,-1.0190887,3.3188782,8.194
1335959306791692,1335959303621106,-1.1625824,3.3336182,8.017593
1335959311705494,1335959308595471,-1.269928,3.3512573,7.812271
1335959316747421,1335959313569837,-1.320755,3.3907318,7.6119537
1335959321797786,1335959318544202,-1.309967,3.4775696,7.43602
1335959326264140,1335959323518567,-1.2420044,3.539215,7.270813
1335959330823098,1335959328492932,-1.1541748,3.652298,7.1263275
1335959335598567,1335959333467298,-1.0331573,3.7898102,6.964432
1335959341617369,1335959338441663,-0.84088135,3.8960876,6.7699585
1335959350551848,1335959343416028,-0.6743927,4.0191803,6.625702
1335959354913098,1335959348390393,-0.46717834,4.1441803,6.4768524
1335959359129609,1335959353364759,-0.2900238,4.238022,6.3893433
1335959364354088,1335959358339124,-0.13407898,4.3550415,6.402069
1335959369226015,1335959363313489,4.8828125E-4,4.4893036,6.4189606
1335959374052681,1335959368287854,0.120529175,4.601761,6.438965
1335959378970546,1335959373262219,0.1720581,4.676758,6.4319153
1335959383235234,1335959378236585,0.20970154,4.7455444,6.416046
1335959388210754,1335959383210950,0.18629456,4.7875214,6.3332825
1335959393397004,1335959388185315,0.1085968,4.81398,6.201477
1335959397748827,1335959393159680,0.026351929,4.8181,6.0213165
1335959402913098,1335959398134046,-0.09629822,4.7988434,5.7990417
1335959407632734,1335959403108411,-0.20838928,4.7938232,5.546631
1335959411825129,1335959408082776,-0.29034424,4.798889,5.255005
1335959417330806,1335959413057141,-0.32203674,4.824417,4.938965
1335959421195911,1335959418031507,-0.32211304,4.863388,4.663681
1335959426457265,1335959423005872,-0.3121643,4.9073944,4.423416
1335959431052994,1335959427980237,-0.3131256,4.958008,4.212311
1335959438186431,1335959432954602,-0.3287964,5.0290833,4.0613556
1335959440997838,1335959437928968,-0.32955933,5.1145325,3.9852905
1335959445733567,1335959442903333,-0.329422,5.2179413,3.9824982
1335959450212369,1335959447877698,-0.31472778,5.3324585,4.018326
1335959455188254,1335959452852063,-0.2868805,5.4430847,4.1383667
1335959459918931,1335959457826428,-0.2737732,5.5607452,4.4173737
1335959464869348,1335959462800794,-0.19628906,5.693054,4.720764
1335959469604504,1335959467775159,-0.08207703,5.7749786,5.09198
1335959475319140,1335959472749524,-0.040908813,5.8330994,5.462509
1335959484088046,1335959477723889,-0.03340149,5.829788,5.828003
1335959488842838,1335959482698255,-0.04019165,5.8567657,6.0993958
1335959493873515,1335959487672620,-0.081085205,5.800888,6.2612
1335959498559765,1335959492646985,-0.18231201,5.734146,6.377762
1335959503102994,1335959497621350,-0.32026672,5.6734467,6.4770203
1335959507919348,1335959502595716,-0.5062256,5.62941,6.5678406
1335959513075754,1335959507570081,-0.70658875,5.5748596,6.645294
1335959517890494,1335959512544446,-0.87568665,5.524414,6.7904205
1335959522792994,1335959517518811,-1.0166626,5.523987,6.9752045
1335959530491431,1335959522493177,-1.0835266,5.5749054,7.183014
1335959532365963,1335959527467542,-1.0818329,5.653488,7.4132233
1335959537339192,1335959532441907,-1.0545807,5.753525,7.6762543
1335959542297629,1335959537416272,-0.98347473,5.8784485,7.9458466
1335959546410650,1335959542390637,-0.92381287,6.0126953,8.157471
1335959551133202,1335959547365003,-0.87693787,6.1372375,8.310013
1335959555882108,1335959552339368,-0.8714752,6.263138,8.422333
1335959561148098,1335959557313733,-0.9087219,6.376587,8.483749
1335959565864036,1335959562288098,-0.921051,6.502426,8.557419
1335959570857161,1335959567262464,-0.92533875,6.58374,8.636856
1335959575026223,1335959572236829,-0.95648193,6.652527,8.773987
1335959581992890,1335959577211194,-0.97206116,6.67128,8.877823
1335959585091483,1335959582185559,-0.97561646,6.6595764,8.934967
1335959589827108,1335959587159925,-0.947464,6.5956573,8.978531
1335959595377421,1335959592134290,-0.95962524,6.5253906,9.031433
1335959599924608,1335959597108655,-0.9817352,6.4602814,9.128357
1335959604781015,1335959602083020,-1.0480957,6.333145,9.248764
1335959614534817,1335959607057385,-1.1030579,6.24942,9.428604
1335959618963723,1335959612031751,-1.1335297,6.130356,9.666931
1335959624316067,1335959617006116,-1.1218414,5.998947,10.006241
1335959629247525,1335959621980481,-1.1157837,5.905075,10.365356
1335959633198723,1335959626954846,-1.0945435,5.8362427,10.723434
1335959638380129,1335959631929212,-1.1507568,5.783554,10.996521
1335959643226015,1335959636903577,-1.1892242,5.7884827,11.174179
1335959648649452,1335959641877942,-1.1677551,5.82428,11.233276
1335959652554504,1335959646852307,-1.1160278,5.9053955,11.229752
1335959660574765,1335959651826673,-1.0787201,5.995697,11.194183
1335959663460806,1335959656801038,-1.0856171,6.0663147,11.153381
1335959667376536,1335959661775403,-1.1476135,6.1237793,11.0546875
1335959672011431,1335959666749768,-1.2221069,6.16626,10.82785
1335959676200494,1335959671724134,-1.2771759,6.2131805,10.5190735
1335959681282421,1335959676698499,-1.2970123,6.273987,10.118866
1335959685923202,1335959681672864,-1.3387451,6.318115,9.72052
1335959691178879,1335959686647229,-1.3460236,6.3754272,9.415527
1335959695086067,1335959691621594,-1.218277,6.4368134,9.238495
1335959699876848,1335959696595960,-1.1466522,6.4478455,9.282303
1335959705351796,1335959701570325,-1.2084198,6.3773804,9.691269
1335959709699400,1335959706544690,-1.3280029,6.23555,10.37825
1335959715056431,1335959711519055,-1.3040924,6.07843,11.100861
1335959719743254,1335959716493421,-1.399765,5.7868805,11.724121
1335959724287890,1335959721467786,-1.6642456,5.4305115,12.421783
1335959728629869,1335959726442151,-1.9463043,5.0613556,13.023697
1335959734136796,1335959731416516,-2.2718353,4.7292786,13.452927
1335959739180858,1335959736390882,-2.5229645,4.3780365,13.71373
1335959748648463,1335959741365247,-2.7078552,4.050186,13.552826
1335959752714765,1335959746339612,-2.850891,3.7820282,12.993332
1335959758135963,1335959751313977,-2.9141235,3.6241913,12.219543
1335959762335233,1335959756288343,-2.8322906,3.5987701,11.32283
1335959767069660,1335959761262708,-2.5176544,3.7253265,10.40152
1335959772817733,1335959766237073,-1.8460388,4.1904144,9.567688
1335959778187838,1335959771211438,-1.1566925,4.7876434,8.898254
1335959782707056,1335959776185803,-1.2332916,4.7379303,8.333923
1335959787728619,1335959781160169,-1.2995453,4.55925,7.785614
1335959792475442,1335959786134534,-1.2511902,4.3861237,7.1875305
1335959796615233,1335959791108899,-1.231781,4.3819885,6.6401978
1335959802501223,1335959796083264,-1.3215485,4.5285645,6.3175354
1335959806362525,1335959801057630,-1.286087,4.748581,6.220886
1335959814610129,1335959806031995,-1.0299377,4.8985596,6.3350525
1335959816229348,1335959811006360,-0.5977173,4.981537,6.4909363
1335959820852213,1335959815980725,-0.1274414,5.014572,6.6426544
1335959824775598,1335959820955091,0.2986145,5.031494,6.81662
1335959830096119,1335959825929456,0.538147,5.0650635,7.016083
1335959836612577,1335959830903821,0.53215027,5.080063,7.2753754
1335959840659035,1335959835878186,0.37197876,5.059204,7.547409
1335959844306692,1335959840852552,0.08126831,4.972702,7.8285065
1335959849908931,1335959845826917,-0.23840332,4.814026,8.062363
1335959855237525,1335959850801282,-0.5543823,4.6240234,8.262863
1335959859001379,1335959855775647,-0.8740845,4.4155426,8.398132
1335959863859556,1335959860750012,-1.1594391,4.1802216,8.449921
1335959868707838,1335959865724378,-1.362442,3.989746,8.43042
1335959873297421,1335959870698743,-1.546814,3.7962952,8.341385
1335959882656848,1335959875673108,-1.6310577,3.682724,8.160721
1335959887061327,1335959880647473,-1.695343,3.5944061,7.937027
1335959892018463,1335959885621839,-1.6365356,3.5981598,7.680771
1335959896765338,1335959890596204,-1.535965,3.5967407,7.488144
1335959901823983,1335959895570569,-1.4138794,3.6331482,7.3095245
1335959906855754,1335959900544934,-1.2891235,3.6638947,7.244629
1335959911410650,1335959905519300,-1.1249847,3.6917877,7.21817
1335959915570754,1335959910493665,-0.97750854,3.7178345,7.261032
1335959941262577,1335959915468030,-0.82151794,3.7264557,7.2983704
1335959941465910,1335959920442395,-0.73469543,3.7384033,7.3172607
1335959941637160,1335959925416760,-0.6790924,3.7407684,7.3394623
1335959941815442,1335959930391126,-0.6474762,3.7779694,7.321945
1335959942005442,1335959935365491,-0.6434479,3.823578,7.2829285
1335959944641535,1335959940339856,-0.6681366,3.8820038,7.1823273
1335959949335546,1335959945314221,-0.7416992,3.8826294,7.089752
1335959953869921,1335959950288587,-0.7991333,3.8560486,6.9858704
1335959958368098,1335959955262952,-0.8453064,3.8202667,6.848999
1335959963085910,1335959960237317,-0.8548889,3.773758,6.674591
1335959967914087,1335959965211682,-0.8140259,3.7910614,6.505905
1335959974109660,1335959970186048,-0.7989807,3.8223572,6.285034
1335959978113098,1335959975160413,-0.75808716,3.8843842,6.063263
1335959982453046,1335959980134778,-0.76960754,3.9488525,5.9437256
1335959987330025,1335959985109143,-0.85006714,4.0413055,5.8129425
1335959993313983,1335959990083509,-0.9419708,4.0898285,5.7267914
1335959998259973,1335959995057874,-1.0626221,4.1339874,5.658615
1335960002641379,1335960000032239,-1.1776276,4.178711,5.5892334
1335960007803931,1335960005006604,-1.2847137,4.2162476,5.5555725
1335960016445129,1335960009980969,-1.3160248,4.301071,5.4699097
1335960022105025,1335960014955335,-1.3200836,4.3974915,5.416458
1335960026260025,1335960019929700,-1.3123474,4.516754,5.3466187
1335960031497629,1335960024904065,-1.3013153,4.62088,5.288101
1335960035853775,1335960029878430,-1.2962036,4.7460327,5.318863
1335960043469608,1335960034852796,-1.3392334,4.8509674,5.4065094
1335960046033098,1335960039827161,-1.3553619,4.9757385,5.5257416
1335960051081275,1335960044801526,-1.3503113,5.073044,5.659317
1335960060029035,1335960049775891,-1.3156433,5.1776886,5.84198
1335960062281952,1335960054750257,-1.2430573,5.265274,6.081024
1335960065853515,1335960059724622,-1.1233063,5.336426,6.372162
1335960069870442,1335960064698987,-1.0043945,5.3785706,6.687271
1335960077408306,1335960069673352,-0.8896942,5.3985596,7.007675
1335960078681952,1335960074647718,-0.8069153,5.373825,7.314636
1335960083470390,1335960079622083,-0.78256226,5.333603,7.639633
1335960088724296,1335960084596448,-0.79325867,5.3169556,7.984253
1335960093504504,1335960089570813,-0.8157501,5.3247833,8.297485
1335960097894712,1335960094545178,-0.8430786,5.341049,8.572723
1335960102461015,1335960099519544,-0.7901764,5.3924255,8.806885
1335960108657004,1335960104493909,-0.67915344,5.4803925,8.989532
1335960112169556,1335960109468274,-0.52967834,5.6018524,9.130127
1335960117164244,1335960114442639,-0.34492493,5.697357,9.279602
1335960122799660,1335960119417005,-0.16192627,5.8340454,9.497894
1335960126603723,1335960124391370,0.01725769,5.9806366,9.731094
1335960131279348,1335960129365735,0.15327454,6.016678,10.01651
1335960136013046,1335960134340100,0.25442505,6.053253,10.250824
1335960145931327,1335960139314466,0.3284607,6.0412445,10.506302
1335960150282577,1335960144288831,0.35995483,5.9819794,10.697525
1335960155866587,1335960149263196,0.3223114,5.928314,10.831436
1335960159830442,1335960154237561,0.22425842,5.8575287,10.871124
1335960164482733,1335960159211927,0.0897522,5.773285,10.806763
1335960169495910,1335960164186292,-0.109298706,5.6688538,10.663712
1335960176103671,1335960169160657,-0.3526001,5.599457,10.5082855
1335960179181223,1335960174135022,-0.6082001,5.5721893,10.330551
1335960183687160,1335960179109387,-0.87649536,5.531082,10.124054
1335960188436796,1335960184083753,-1.1277313,5.4798737,9.870972
1335960193983202,1335960189058118,-1.3298645,5.3963623,9.62767
1335960198346119,1335960194032483,-1.4984283,5.3457184,9.382095
1335960202971014,1335960199006848,-1.6218262,5.3109283,9.17717
1335960208291483,1335960203981214,-1.694107,5.2617035,9.052475
1335960212669973,1335960208955579,-1.7159424,5.2217255,9.012604
1335960217910806,1335960213929944,-1.6860657,5.1932373,9.065659
1335960222569400,1335960218904309,-1.5901489,5.1382446,9.209442
1335960227450910,1335960223878675,-1.4324341,5.0648804,9.46785
1335960232243410,1335960228853040,-1.1995544,4.9978485,9.821579
1335960236718879,1335960233827405,-0.9199829,4.916855,10.323914
1335960241631848,1335960238801770,-0.6286316,4.8458557,10.945953
1335960246161900,1335960243776135,-0.36746216,4.756775,11.636414
1335960251867212,1335960248750501,-0.16229248,4.683975,12.417419
1335960256522264,1335960253724866,-0.026977539,4.618988,13.140091
1335960261830181,1335960258699231,0.0340271,4.6088867,13.7478485
1335960265768567,1335960263673596,0.08164978,4.570053,14.141754
1335960270740129,1335960268647962,0.145401,4.5136414,14.28302
1335960280789869,1335960273622327,0.083984375,4.456711,14.206711
1335960285845962,1335960278596692,-0.009552002,4.405945,13.9487
1335960290820389,1335960283571057,-0.05543518,4.3415527,13.534973
1335960295946067,1335960288545423,-0.12924194,4.298111,13.028198
1335960300890910,1335960293519788,-0.15332031,4.2391663,12.428131
1335960305481796,1335960298494153,-0.09013367,4.2209167,11.760254
1335960311561952,1335960303468518,0.10324097,4.2281036,11.075714
1335960314651692,1335960308442884,0.43914795,4.3079376,10.350479
1335960319057785,1335960313417249,0.8384857,4.4178925,9.638306
1335960323699608,1335960318391614,1.2049408,4.5320435,9.049362
1335960328031900,1335960323365979,1.5171661,4.6394196,8.657761
1335960333473462,1335960328340344,1.8055267,4.7626953,8.4040985
1335960337576848,1335960333314710,2.0521088,4.8740234,8.254822
1335960342369244,1335960338289075,2.2633362,4.9287567,8.269257
1335960347524660,1335960343263440,2.4313965,4.9643555,8.40094
1335960352167421,1335960348237805,2.5587616,4.944763,8.596359
1335960357557369,1335960353212171,2.6463318,4.8593903,8.820404
1335960362854139,1335960358186536,2.6183167,4.7582245,9.041031
1335960366917994,1335960363160901,2.5312958,4.611923,9.186752
1335960371353098,1335960368135266,2.2792053,4.412918,9.314453
1335960376362629,1335960373109632,1.8589478,4.1552734,9.351913
1335960382305702,1335960378083997,1.3204498,3.8956604,9.35495
1335960385890337,1335960383058362,0.7079468,3.656128,9.279816
1335960391336223,1335960388032727,0.026779175,3.473465,9.11322
1335960395864764,1335960393007093,-0.619339,3.337387,8.867584
1335960400342004,1335960397981458,-1.241745,3.261322,8.641998
1335960410355389,1335960402955823,-1.7321777,3.1922302,8.481033
1335960414338462,1335960407930188,-2.1186523,3.2135315,8.32309
1335960418772837,1335960412904553,-2.4037323,3.277298,8.160004
1335960423916952,1335960417878919,-2.5738678,3.3710938,7.914871
1335960430062160,1335960422853284,-2.6166534,3.544403,7.6760254
1335960433280962,1335960427827649,-2.5455475,3.7413177,7.4350586
1335960438043462,1335960432802014,-2.3795166,3.9378052,7.182022
1335960443576014,1335960437776380,-2.1270905,4.1677856,6.899185
1335960447491900,1335960442750745,-1.8547058,4.4045105,6.6503143
1335960452226639,1335960447725110,-1.5839996,4.6131897,6.4207764
1335960456979869,1335960452699475,-1.2736206,4.79776,6.2711487
1335960461655910,1335960457673841,-0.9340668,4.949234,6.1840515
1335960466436744,1335960462648206,-0.6277008,5.1131897,6.142502
1335960471593306,1335960467622571,-0.38238525,5.233734,6.114685
1335960476925910,1335960472596936,-0.16911316,5.2716064,6.0294495
1335960481239452,1335960477571302,-0.009246826,5.279297,5.9108887
1335960485894764,1335960482545667,0.057266235,5.2356567,5.794754
1335960491009296,1335960487520032,0.020187378,5.173691,5.667816
1335960495770910,1335960492494397,-0.084472656,5.1028137,5.513321
1335960500589869,1335960497468762,-0.24409485,5.0414886,5.3623657
1335960505429764,1335960502443128,-0.44223022,4.9838867,5.2092133
1335960511033410,1335960507417493,-0.67204285,4.920761,5.059143
1335960515738462,1335960512391858,-0.937973,4.860214,4.961792
1335960520396014,1335960517366223,-1.1718597,4.8192444,4.8669586
1335960525215494,1335960522340589,-1.4009857,4.764984,4.8372803
1335960529703046,1335960527314954,-1.6206665,4.7414856,4.7748413
1335960535524660,1335960532289319,-1.8369446,4.7262726,4.7450714
1335960543962837,1335960537263684,-2.00148,4.7599792,4.6624756
1335960549623202,1335960542238050,-2.1095276,4.808899,4.6162567
1335960555885233,1335960547212415,-2.2356567,4.8881073,4.586151
1335960560237577,1335960552186780,-2.2990723,4.9390106,4.5298767
1335960563752733,1335960557161145,-2.3331604,5.0006104,4.5027313
1335960569437577,1335960562135510,-2.331543,5.0819244,4.510544
1335960572831796,1335960567109876,-2.2636719,5.188339,4.5680695
1335960578469348,1335960572084241,-2.1992645,5.262451,4.6855927
1335960583264035,1335960577058606,-2.0108948,5.362808,4.794632
1335960588352733,1335960582032971,-1.7516022,5.4412537,4.9068146
1335960591523723,1335960587007337,-1.486084,5.520691,5.103653
1335960596836483,1335960591981702,-1.2437744,5.6306305,5.348984
1335960601299868,1335960596956067,-1.0080261,5.688553,5.632599
1335960606359868,1335960601930432,-0.8164978,5.7274017,5.918915
1335960611262316,1335960606904798,-0.70210266,5.7417603,6.174362
1335960615649400,1335960611879163,-0.637619,5.7553406,6.453583
1335960620403983,1335960616853528,-0.637146,5.7614594,6.7242126
1335960624945754,1335960621827893,-0.69487,5.7580566,6.976715
1335960629950181,1335960626802259,-0.80726624,5.7753296,7.3181915
1335960634659556,1335960631776624,-0.96151733,5.809601,7.710205
1335960639784973,1335960636750989,-1.0925598,5.843216,8.1454315
1335960644291535,1335960641725354,-1.2290955,5.865906,8.53363
1335960649217681,1335960646699719,-1.3686676,5.889801,8.833374
1335960654766223,1335960651674085,-1.4993896,5.9272614,9.141815
1335960659465233,1335960656648450,-1.6329498,5.9582367,9.360474
1335960663925129,1335960661622815,-1.796814,5.981186,9.463791
1335960668516848,1335960666597180,-1.8748474,5.9963226,9.503281
1335960678158202,1335960671571546,-1.8948364,6.065628,9.459885
1335960682980181,1335960676545911,-1.8917542,6.1527405,9.325226
1335960687573775,1335960681520276,-1.8788452,6.2407074,9.118057
1335960692723410,1335960686494641,-1.8533936,6.315918,9.027283
1335960697117837,1335960691469007,-1.7622986,6.395401,9.022766
1335960701700493,1335960696443372,-1.6043396,6.4723053,9.097504
1335960706426535,1335960701417737,-1.458252,6.529022,9.196777
1335960711408358,1335960706392102,-1.338623,6.5524597,9.335587
1335960716060702,1335960711366468,-1.242569,6.5715485,9.520966
1335960720705233,1335960716340833,-1.175705,6.5915833,9.661026
1335960726368462,1335960721315198,-1.1030884,6.599884,9.77124
1335960730467785,1335960726289563,-1.0822906,6.5815125,9.875137
1335960735331691,1335960731263928,-1.1082764,6.575348,9.991699
1335960740467004,1335960736238294,-1.1615143,6.5840607,10.085022
1335960745109608,1335960741212659,-1.252945,6.591507,10.141495
1335960750413723,1335960746187024,-1.3236237,6.5947113,10.168854
1335960755553462,1335960751161389,-1.3557281,6.59169,10.196365
1335960760525285,1335960756135755,-1.3300781,6.5595093,10.257629
1335960764092212,1335960761110120,-1.213623,6.5343018,10.343994
1335960769479087,1335960766084485,-1.0563507,6.503357,10.455536
1335960774897525,1335960771058850,-0.85739136,6.484833,10.511032
1335960780424608,1335960776033216,-0.6668091,6.4607544,10.430374
1335960783132056,1335960781007581,-0.49909973,6.4436646,10.335037
1335960788027368,1335960785981946,-0.38208008,6.4052887,10.255936
1335960793414139,1335960790956311,-0.33506775,6.3519287,10.178925
1335960798454764,1335960795930677,-0.2953186,6.232422,10.180679
1335960808441327,1335960800905042,-0.2392273,6.0886993,10.220154
1335960812554816,1335960805879407,-0.26867676,5.9048157,10.3828125
1335960817217785,1335960810853772,-0.35290527,5.7166595,10.6384735
1335960821770650,1335960815828137,-0.5419464,5.4952393,11.034042
1335960827099712,1335960820802503,-0.79870605,5.309952,11.409744
1335960832239660,1335960825776868,-1.1053772,5.119568,11.743729
1335960836897264,1335960830751233,-1.4830475,4.9430084,11.963593
1335960841106223,1335960835725598,-1.8544159,4.7497864,11.998184
1335960846401743,1335960840699964,-2.2186432,4.5233765,11.911728
1335960851403462,1335960845674329,-2.6071167,4.316818,11.744949
1335960855539504,1335960850648694,-2.9629364,4.15213,11.494919
1335960859550129,1335960855623059,-3.2640686,4.02092,11.131332
1335960864637160,1335960860597425,-3.4920807,3.9307709,10.669739
1335960870055858,1335960865571790,-3.613388,3.862793,10.133469
1335960875177316,1335960870546155,-3.621994,3.8236847,9.544296
1335960879863723,1335960875520520,-3.4988556,3.8526306,8.961639
1335960884500858,1335960880494885,-3.2637177,3.9354553,8.417694
1335960888956066,1335960885469251,-2.957779,4.043152,7.947937
1335960893872733,1335960890443616,-2.6315918,4.1614075,7.587631
1335960899351118,1335960895417981,-2.3053894,4.278015,7.3466034
1335960903983775,1335960900392346,-1.9673462,4.417465,7.1177216
1335960908991118,1335960905366712,-1.6566467,4.523056,6.9113617
1335960913389973,1335960910341077,-1.4333344,4.6011047,6.730957
1335960917591587,1335960915315442,-1.2814331,4.6590576,6.6105347
1335960922543775,1335960920289807,-1.2350464,4.642288,6.5683136
1335960932856900,1335960925264173,-1.2072601,4.6149597,6.572113
1335960933082264,1335960930238538,-1.2761841,4.54068,6.661728
1335960941753723,1335960935212903,-1.4104309,4.433136,6.812088
1335960946612785,1335960940187268,-1.517456,4.3616333,7.028763
1335960951243514,1335960945161634,-1.6702576,4.250824,7.210617
1335960955922629,1335960950135999,-1.7605591,4.1305237,7.4169464
1335960960647993,1335960955110364,-1.8748322,4.0619507,7.5701904
1335960965570910,1335960960084729,-1.9803467,4.0261383,7.707535
1335960970133514,1335960965059094,-2.0354156,4.00618,7.785965
1335960975043670,1335960970033460,-2.0361633,4.007202,7.826187
1335960979962525,1335960975007825,-2.0263977,3.9750977,7.8822937
1335960984735598,1335960979982190,-2.0227509,3.9438171,7.969574
1335960989494556,1335960984956555,-1.9763794,3.9145966,8.021271
1335960994553931,1335960989930921,-1.8732605,3.8874054,8.056046
1335960999115650,1335960994905286,-1.7602386,3.8515472,8.048965
1335961004112889,1335960999879651,-1.6480103,3.7949982,7.979187
1335961008921639,1335961004854016,-1.5114746,3.7550354,7.885208
1335961014159400,1335961009828382,-1.3773193,3.736679,7.793808
1335961018422264,1335961014802747,-1.2830963,3.7007294,7.713196
1335961023781431,1335961019777112,-1.227005,3.6464539,7.6530457
1335961028503827,1335961024751477,-1.192276,3.6017609,7.580124
1335961032639608,1335961029725843,-1.1579437,3.543747,7.482361
1335961037696900,1335961034700208,-1.1427917,3.5031433,7.3706512
1335961042262733,1335961039674573,-1.1103821,3.451767,7.276169
1335961047274660,1335961044648938,-1.0606232,3.4067688,7.204956
1335961054340806,1335961049623303,-1.0442047,3.4024048,7.0831757
1335961057547993,1335961054597669,-1.0276794,3.3939056,6.971283
1335961061987264,1335961059572034,-1.0560303,3.3656769,6.818527
1335961066904035,1335961064546399,-1.1525116,3.342987,6.721451
1335961076085285,1335961069520764,-1.3480988,3.2841797,6.6295624
1335961080914347,1335961074495130,-1.5395355,3.3214417,6.4614563
1335961085656743,1335961079469495,-1.6936035,3.3574066,6.3018494
1335961090466795,1335961084443860,-1.8032837,3.3889313,6.118683
1335961094964452,1335961089418225,-1.8881683,3.4621124,5.9529114
1335961100177681,1335961094392591,-1.9111481,3.546341,5.7989197
1335961104661847,1335961099366956,-1.90271,3.662674,5.7101135
1335961109636222,1335961104341321,-1.8548126,3.8133698,5.593109
1335961114158722,1335961109315686,-1.7288666,3.9670715,5.527298
1335961118780181,1335961114290052,-1.5378265,4.122818,5.4638367
1335961123679139,1335961119264417,-1.3097839,4.3016205,5.3851166
1335961128382472,1335961124238782,-1.0304871,4.473236,5.345001
1335961133731847,1335961129213147,-0.75135803,4.6574707,5.3427277
1335961138550337,1335961134187512,-0.5375824,4.814102,5.3784943
1335961143569764,1335961139161878,-0.36901855,4.949585,5.4780426
1335961148154087,1335961144136243,-0.24127197,5.111084,5.6461487
1335961152393097,1335961149110608,-0.15267944,5.245682,5.7786407
1335961157241483,1335961154084973,-0.11074829,5.32782,5.866272
1335961162009764,1335961159059339,-0.11608887,5.4057617,5.949005
1335961166292785,1335961164033704,-0.20137024,5.4417877,6.067398
1335961171707160,1335961169008069,-0.30386353,5.4833374,6.2684784
1335961176479712,1335961173982434,-0.4149475,5.5388794,6.521332
1335961181192420,1335961178956800,-0.55781555,5.5776367,6.8556976
1335961185542577,1335961183931165,-0.6663208,5.5910797,7.19104
1335961190915545,1335961188905530,-0.788208,5.6099243,7.5506287
1335961196575077,1335961193879895,-0.8776703,5.620529,7.880905
1335961200624243,1335961198854260,-0.9018707,5.6327972,8.240311
1335961210261847,1335961203828626,-0.9956207,5.5756683,8.512131
1335961214841900,1335961208802991,-1.1346588,5.5174255,8.742722
1335961219912420,1335961213777356,-1.2436829,5.4503174,8.929092
1335961224696431,1335961218751721,-1.3590393,5.4255524,9.051392
1335961229444504,1335961223726087,-1.4073639,5.4238434,9.146912
1335961235471900,1335961228700452,-1.4380646,5.4778137,9.254456
1335961239153879,1335961233674817,-1.3897247,5.5995483,9.4188385
1335961244088618,1335961238649182,-1.1970825,5.7278595,9.568039
1335961248908670,1335961243623548,-0.90734863,5.879364,9.748444
1335961253916847,1335961248597913,-0.5523834,6.0558624,9.978943
1335961259991743,1335961253572278,-0.13552856,6.238159,10.226212
1335961264856639,1335961258546643,0.2559204,6.4061737,10.465561
1335961268254139,1335961263521009,0.57188416,6.5224304,10.713303
1335961272852316,1335961268495374,0.7880554,6.5783386,10.923538
1335961277621274,1335961273469739,0.91381836,6.6273346,11.026688
1335961281799347,1335961278444104,0.92259216,6.604416,11.001709
1335961286987004,1335961283418469,0.73983765,6.505615,10.910507
1335961292074087,1335961288392835,0.3982849,6.3627625,10.780991
1335961296852420,1335961293367200,-0.07632446,6.2010803,10.556931
1335961301228202,1335961298341565,-0.57606506,6.033493,10.282242
1335961306059556,1335961303315930,-1.0494537,5.927429,9.929123
1335961311244608,1335961308290296,-1.5022278,5.8171234,9.61145
1335961316214556,1335961313264661,-1.8917084,5.7419434,9.304138
1335961320926118,1335961318239026,-2.091858,5.6835175,9.013397
1335961325511222,1335961323213391,-2.1123657,5.6647186,8.795166
1335961330453306,1335961328187757,-2.091507,5.66391,8.677872
1335961339961274,1335961333162122,-1.9983673,5.733185,8.661255
1335961344528410,1335961338136487,-1.7670746,5.8553467,8.7827
1335961350446743,1335961343110852,-1.4897614,5.9418335,8.954727
1335961355008827,1335961348085218,-1.2227325,6.0139008,9.253723
1335961358548618,1335961353059583,-0.96954346,6.009857,9.551819
1335961364282577,1335961358033948,-0.7645874,5.9443207,9.906662
1335961368559556,1335961363008313,-0.65319824,5.814987,10.293869
1335961373321952,1335961367982678,-0.54733276,5.6825256,10.672852
1335961377795285,1335961372957044,-0.4442749,5.521805,10.970062
1335961382833618,1335961377931409,-0.41819763,5.3597717,11.203339
1335961387543045,1335961382905774,-0.4958496,5.19429,11.391998
1335961392943827,1335961387880139,-0.63082886,5.044052,11.5395355
1335961397299556,1335961392854505,-0.8441925,4.9655304,11.61586
1335961402895545,1335961397828870,-1.0844269,4.984497,11.652527
1335961408033254,1335961402803235,-1.2574768,5.061386,11.646713
1335961411664191,1335961407777600,-1.2817383,5.1559906,11.55304
1335961416507629,1335961412751966,-1.0861206,5.2190247,11.321365
1335961421045754,1335961417726331,-0.6898651,5.3011017,11.105423
1335961425713097,1335961422700696,-0.34155273,5.3031616,11.094833
1335961431736222,1335961427675061,0.059326172,5.2691193,10.993134
1335961435372160,1335961432649427,0.47721863,5.258255,11.00148
1335961440030337,1335961437623792,0.7271881,5.1284637,11.223877
1335961444724712,1335961442598157,0.8121948,4.9438934,11.393112
1335961449705493,1335961447572522,0.81463623,4.7382812,11.381943
1335961454151847,1335961452546887,0.7457428,4.527405,11.221497
1335961459077420,1335961457521253,0.5841522,4.220215,10.791351
1335961463883410,1335961462495618,0.3058319,3.9903107,10.260742
1335961473739972,1335961467469983,-0.07040405,3.83992,9.915466
1335961478272785,1335961472444348,-0.5035553,3.7108307,9.98735
1335961482962681,1335961477418714,-0.8279114,3.515396,9.556671
1335961488119451,1335961482393079,-1.071167,3.3911285,9.10376
1335961493222368,1335961487367444,-1.3057709,3.2329254,8.873764
1335961497886795,1335961492341809,-1.5566559,3.0799408,8.713486
1335961502472472,1335961497316175,-1.6863403,2.9786987,8.365143
1335961507383826,1335961502290540,-1.718811,2.9052582,7.77948
1335961512369712,1335961507264905,-1.7130585,2.8811646,7.194809
1335961516919608,1335961512239270,-1.7277069,2.8065186,6.751465
1335961522157160,1335961517213635,-1.7715607,2.6942596,6.351425
1335961526769191,1335961522188001,-1.7661896,2.5550232,5.9883575
1335961531537629,1335961527162366,-1.6639252,2.410141,5.751129
1335961536222264,1335961532136731,-1.4777374,2.2821655,5.650299
1335961541314139,1335961537111096,-1.2332611,2.2267303,5.6891327
1335961545918097,1335961542085462,-0.89797974,2.2221375,5.901947
1335961550805597,1335961547059827,-0.49223328,2.274063,6.213913
1335961556138826,1335961552034192,-0.061904907,2.3579865,6.594101
1335961560704764,1335961557008557,0.38975525,2.4476318,6.9651947
1335961565580597,1335961561982923,0.8012085,2.5259857,7.1724396
1335961570179451,1335961566957288,1.1580963,2.5530396,7.2877502
1335961575430754,1335961571931653,1.4020538,2.6044617,7.4384613
1335961579599712,1335961576906018,1.6061249,2.6991882,7.5144043
1335961584585701,1335961581880384,1.7710724,2.7882233,7.47554
1335961589376222,1335961586854749,1.8744354,2.859604,7.438675
1335961595167420,1335961591829114,1.9273224,2.8457642,7.3992615
1335961603983774,1335961596803479,1.9379578,2.895935,7.184067
1335961608416743,1335961601777844,1.858078,2.981491,7.027008
1335961615701639,1335961606752210,1.6539917,3.0327759,7.0607452
1335961619934399,1335961611726575,1.3728333,3.0498352,6.901581
1335961622825493,1335961616700940,0.9803009,3.1122894,6.924408
1335961627777316,1335961621675305,0.636673,3.2041779,7.1175537
1335961631961639,1335961626649671,0.38453674,3.1750488,7.2505035
1335961636668254,1335961631624036,0.14457703,3.1233063,7.3460083
1335961641553306,1335961636598401,-0.05078125,3.0285797,7.4495544
1335961646655545,1335961641572766,-0.17453003,2.893509,7.3994293
1335961651420701,1335961646547132,-0.1399231,2.7903442,7.1928864
1335961656487993,1335961651521497,0.029266357,2.7216187,6.896286
1335961661045649,1335961656495862,0.2999878,2.7184448,6.563278
1335961666104295,1335961661470227,0.62835693,2.7695465,6.22908
1335961669842524,1335961666444593,0.98057556,2.8577576,5.7606964
1335961674722056,1335961671418958,1.265274,2.952774,5.1800995
1335961679668149,1335961676393323,1.4725037,3.0126953,4.6226807
1335961684619139,1335961681367688,1.5823364,3.0270233,4.2641907
1335961689199868,1335961686342053,1.5686493,2.9882355,4.083603
1335961694433514,1335961691316419,1.4210358,2.870575,4.0351105
1335961700138253,1335961696290784,1.2718048,2.7085114,4.109268
1335961704843774,1335961701265149,1.2453766,2.5452423,4.3383484
1335961709074868,1335961706239514,1.4152832,2.4214172,4.7968597
1335961713442160,1335961711213880,1.7901917,2.3403015,5.345093
1335961718584035,1335961716188245,2.2365875,2.373993,6.2586823
1335961723198618,1335961721162610,2.6954803,2.4236755,7.252121
1335961728017628,1335961726136975,3.1104736,2.4217072,8.058197
1335961737498826,1335961731111341,3.355606,2.3459473,8.598923
1335961742582576,1335961736085706,3.515442,2.2665405,8.96106
1335961747038774,1335961741060071,3.5626984,2.2310486,9.108398
1335961751755233,1335961746034436,3.5619965,2.253189,9.1465
1335961756517472,1335961751008802,3.6001282,2.3715973,9.083557
1335961762794972,1335961755983167,3.6855316,2.54245,8.894318
1335961766795076,1335961760957532,3.7860718,2.721405,8.564514
1335961771418514,1335961765931897,3.891739,2.8418121,8.209625
1335961776665806,1335961770906262,4.020096,2.868637,7.982071
1335961780928826,1335961775880628,4.2119904,2.804535,7.83226
1335961785532733,1335961780854993,4.44812,2.666687,7.6856384
1335961791060649,1335961785829358,4.7390137,2.5189056,7.705826
1335961795649972,1335961790803723,5.0664673,2.3044128,7.8335724
1335961800922420,1335961795778089,5.299652,2.0331573,7.9186554
1335961805310076,1335961800752454,5.432205,1.7791138,7.9513855
1335961809746483,1335961805726819,5.551285,1.5506287,7.8151093
1335961814460545,1335961810701184,5.707123,1.5966339,7.6716003
1335961819039660,1335961815675550,5.905884,1.7991486,7.7018433
1335961823526795,1335961820649915,6.156906,2.0776672,7.6725006
1335961828579139,1335961825624280,6.3866425,2.3305206,7.657425
1335961833457420,1335961830598645,6.592926,2.5024567,7.7516327
1335961838312733,1335961835573010,6.9302673,2.5249329,8.576691
1335961843044712,1335961840547376,9.804031,1.8582306,15.438599
1335961847755337,1335961845521741,8.610153,1.9259949,15.645508
1335961853119816,1335961850496106,6.024399,2.1501617,12.660233
1335961857552628,1335961855470471,6.24675,1.7999115,12.35582
1335961862411639,1335961860444837,8.016937,1.830307,11.464371
1335961872041170,1335961865419202,9.406387,1.7762909,11.79007
1335961876621587,1335961870393567,9.587097,1.7342072,11.080826
1335961881190128,1335961875367932,9.024094,1.8687134,9.751358
1335961886112056,1335961880342298,8.369308,2.019989,8.582245
1335961890785753,1335961885316663,7.9247894,2.1180573,7.6840973
1335961895684191,1335961890291028,7.663254,2.1986847,7.0906067
1335961900849243,1335961895265393,7.459793,2.3033905,6.7862396
1335961905371951,1335961900239759,7.3448334,2.333374,6.7633514
1335961909965597,1335961905214124,7.074936,2.3179932,7.0792694
1335961915010753,1335961910188489,6.3579254,2.2627258,7.8105927
1335961919567108,1335961915162854,5.620941,2.028305,9.080612
1335961924190076,1335961920137219,4.9434357,1.5533905,10.542664
1335961929136587,1335961925111585,4.6059723,1.2709808,10.981628
1335961934514816,1335961930085950,4.5097656,1.2960968,10.921005
1335961938690910,1335961935060315,4.709961,1.3307953,10.871811
1335961943620545,1335961940034680,4.9649353,1.3086853,10.744522
1335961948631639,1335961945009046,5.022644,1.2771301,10.625793
1335961953210805,1335961949983411,4.926529,1.1665192,10.54715
1335961957669608,1335961954957776,4.814514,0.9592285,10.442612
1335961962854191,1335961959932141,4.8601227,0.7706146,10.360489
1335961967715128,1335961964906507,5.0276794,0.5954895,10.563019
1335961972166795,1335961969880872,5.087723,0.43275452,11.121475
1335961977450076,1335961974855237,5.208557,0.32481384,11.352203
1335961982162003,1335961979829602,5.3565674,0.31115723,11.244507
1335961986921170,1335961984803968,5.3320465,0.4357605,11.142181
1335961991187733,1335961989778333,5.164551,0.5447693,11.103195
1335961996135805,1335961994752698,4.994049,0.65093994,10.965744
1335962005866430,1335961999727063,5.0657806,0.67814636,10.663788
1335962011013826,1335962004701428,5.2855225,0.829422,10.253845
1335962015432733,1335962009675794,5.802429,0.93933105,9.748169
1335962020063878,1335962014650159,5.9972687,0.984848,9.2391205
1335962024896587,1335962019624524,5.5490723,0.9161072,8.678543
1335962029935649,1335962024598889,4.41391,0.5132141,7.810257
1335962034998253,1335962029573255,3.5123596,-0.11097717,7.516861
1335962040629920,1335962034547620,3.2535095,-0.59947205,7.9280853
1335962044658201,1335962039521985,3.5050201,-0.6621704,9.041199
1335962049373826,1335962044496350,3.8862915,-0.49082947,10.134979
1335962054086639,1335962049470716,4.460022,-0.2745514,10.523804
1335962058648358,1335962054445081,5.286621,-0.2122345,10.836304
1335962063627472,1335962059419446,6.16658,-0.28771973,11.452347
1335962068086170,1335962064393811,6.657028,-0.19685364,11.412857
1335962073058722,1335962069368177,6.677841,0.03666687,10.896317
1335962077718983,1335962074342542,6.417511,0.14567566,10.585999
1335962082929920,1335962079316907,6.0429535,0.15631104,10.405563
1335962086960910,1335962084291272,6.0173645,0.14497375,10.311981
1335962092775858,1335962089265637,6.0839233,0.19741821,10.028427
1335962096633305,1335962094240003,6.149811,0.18032837,9.74292
1335962101523462,1335962099214368,6.0572205,0.37771606,9.405411
1335962106279972,1335962104188733,6.2417297,0.85520935,8.923294
1335962110828774,1335962109163098,6.431259,1.33461,8.222916
1335962115866899,1335962114137464,6.499115,1.6807861,7.3292694
1335962120692107,1335962119111829,6.350525,1.9139557,6.6268616
1335962155544712,1335962124086194,6.047806,1.9333649,6.0752716
1335962155678514,1335962129060559,5.6829834,1.799118,5.4170074
1335962155808826,1335962134034925,5.030121,1.1390533,4.7845917
1335962155955857,1335962139009290,4.584717,0.66825867,4.295212
1335962156093982,1335962143983655,4.794113,0.26506042,4.2377014
1335962172264972,1335962148958020,4.7365723,-0.12600708,4.6118164
1335962172463930,1335962153932385,5.1244965,-0.5727997,5.8385925
1335962174257055,1335962158906751,5.9709625,-0.50650024,7.1804047
1335962174416639,1335962163881116,6.6724854,-0.28570557,8.611725
1335962174529087,1335962168855481,7.118515,-0.25254822,9.714676
1335962178522055,1335962173829846,7.296982,-0.24954224,9.99115
1335962184913670,1335962178804212,7.1258698,-0.44387817,9.301468
1335962187884087,1335962183778577,6.7492676,-0.68403625,7.955551
1335962192729607,1335962188752942,6.344986,-0.95640564,6.6617737
1335962198027107,1335962193727307,6.084076,-1.1957092,5.551758
1335962429763878,1335962198701673,5.94516,-1.4130859,4.721939
1335962429871222,1335962203676038,5.7451935,-1.6782074,4.288437
1335962429980284,1335962208650403,5.530365,-1.9346161,4.239319
1335962430071014,1335962213624768,5.4998016,-2.0391083,4.342987
1335962430573149,1335962218599134,5.5029144,-1.8621063,4.606827
1335962430646691,1335962223573499,5.3942413,-1.5453033,4.915329
1335962430726378,1335962228547864,5.2323456,-1.341507,5.057266
1335962430793670,1335962233522229,5.125351,-1.2018738,5.0266876
1335962430864555,1335962238496594,5.127014,-1.1812134,4.7851715
1335962430932368,1335962243470960,5.1262207,-1.3523254,4.5043488
1335962431000649,1335962248445325,5.05542,-1.5842743,4.2587433
1335962431069712,1335962253419690,4.891327,-1.9460297,4.1777954
1335962431141482,1335962258394055,5.0028534,-2.263977,4.374634
1335962431207368,1335962263368421,5.301758,-2.4440765,4.4997406
1335962431274399,1335962268342786,5.5481415,-2.4918365,4.47641
1335962431343514,1335962273317151,5.6797028,-2.5779572,4.4915314
1335962431417680,1335962278291516,5.7434845,-2.5701294,4.639847
1335962431485493,1335962283265882,5.8376465,-2.4347382,4.7448273
1335962431555545,1335962288240247,6.052353,-2.2231445,4.7966614
1335962431627420,1335962293214612,6.373291,-1.96492,4.7169495
1335962431692941,1335962298188977,6.6632233,-1.7641296,4.5568542
1335962431760909,1335962303163343,6.765518,-1.7800751,4.6927643
1335962431835389,1335962308137708,6.7750854,-1.8159637,4.988907
1335962431904087,1335962313112073,6.798355,-1.7766571,5.199814
1335962432248826,1335962318086438,6.7105865,-1.4835205,5.1652374
1335962432481170,1335962323060803,6.492462,-0.99328613,4.886215
1335962432558774,1335962328035169,6.636963,-0.8744049,4.8725433
1335962432624347,1335962333009534,7.0259247,-1.5126648,5.5139923
1335962432690493,1335962337983899,7.006912,-2.345871,5.7917023
1335962432762524,1335962342958264,6.736038,-2.736496,5.1659393
1335962432824503,1335962347932630,6.636307,-2.8403168,4.4176483
1335962432887107,1335962352906995,6.8385315,-2.7646027,4.097458
1335962432959295,1335962357881360,7.2703857,-2.6005096,4.2716064
1335962433028357,1335962362855725,7.6160736,-2.539093,4.667755
1335962433096951,1335962367830091,7.7881927,-2.5632172,5.102173
1335962433166170,1335962372804456,7.980255,-2.7045898,5.320816
1335962433237003,1335962377778821,8.262909,-2.9859161,5.831497
1335962433302941,1335962382753186,8.990219,-3.228653,6.4157104
1335962433368045,1335962387727552,9.65892,-3.378952,6.6406097
1335962433437524,1335962392701917,9.97612,-3.4634552,6.80809
1335962433503409,1335962397676282,10.007416,-3.6510773,6.979538
1335962433572732,1335962402650647,9.8962555,-3.8424377,7.091736
1335962433642212,1335962407625012,9.682846,-3.714737,7.116913
1335962433896899,1335962412599378,9.499039,-3.3369293,6.853836
1335962433967628,1335962417573743,9.235947,-2.9590302,6.4705963
1335962434038357,1335962422548108,8.906036,-2.5110626,6.206085
1335962434111534,1335962427522473,8.73793,-2.0074005,5.9216003
